file,class,type,cbo,cboModified,fanin,fanout,wmc,dit,noc,rfc,lcom,lcom*,tcc,lcc,totalMethodsQty,staticMethodsQty,publicMethodsQty,privateMethodsQty,protectedMethodsQty,defaultMethodsQty,visibleMethodsQty,abstractMethodsQty,finalMethodsQty,synchronizedMethodsQty,totalFieldsQty,staticFieldsQty,publicFieldsQty,privateFieldsQty,protectedFieldsQty,defaultFieldsQty,finalFieldsQty,synchronizedFieldsQty,nosi,loc,returnQty,loopQty,comparisonsQty,tryCatchQty,parenthesizedExpsQty,stringLiteralsQty,numbersQty,assignmentsQty,mathOperationsQty,variablesQty,maxNestedBlocksQty,anonymousClassesQty,innerClassesQty,lambdasQty,uniqueWordsQty,modifiers,logStatementsQty
C:\markor-master\app\src\main\java\net\gsantner\markor\frontend\filesearch\FileSearchResultSelectorDialog.java,net.gsantner.markor.frontend.filesearch.FileSearchResultSelectorDialog$ExpandableSearchResultsListAdapter,innerclass,11,11,0,11,24,1,0,14,145,0.78947365,0.07602339,0.12280702,19,0,19,0,0,0,19,0,0,0,2,0,1,1,0,0,2,0,1,85,14,0,2,0,0,4,6,13,1,9,1,0,0,0,55,10,0
C:\markor-master\app\src\main\java\net\gsantner\opoc\util\GsContextUtils.java,net.gsantner.opoc.util.GsContextUtils$DoTouchView,innerclass,1,1,0,1,2,1,0,3,0,0.0,1.0,1.0,2,0,2,0,0,0,2,0,0,0,1,0,0,1,0,0,0,0,0,11,0,0,0,0,0,0,6,2,0,1,0,0,0,0,22,9,0
C:\markor-master\app\src\main\java\net\gsantner\markor\activity\DocumentActivity.java,net.gsantner.markor.activity.DocumentActivity,class,30,38,8,30,82,4,0,107,137,0.8819444,0.057142857,0.14285715,18,4,11,3,4,0,15,0,0,1,8,4,1,7,0,0,4,0,20,259,13,1,20,2,8,13,18,46,3,43,4,0,0,5,156,1,0
C:\markor-master\app\src\main\java\net\gsantner\markor\ApplicationObject.java,net.gsantner.markor.ApplicationObject,class,5,36,31,5,4,2,0,3,0,0.6666667,0.6666667,1.0,3,2,3,0,0,0,3,0,0,0,4,4,0,4,0,0,2,0,0,22,2,0,0,1,0,1,0,4,0,4,1,0,0,0,19,1,0
C:\markor-master\app\src\main\java\net\gsantner\markor\activity\MainActivity.java,net.gsantner.markor.activity.MainActivity,class,40,49,9,40,79,5,0,125,207,0.875,0.18972331,0.53754944,26,0,18,3,5,0,23,0,0,0,11,1,1,10,0,0,0,0,19,344,32,0,29,5,0,18,25,43,4,35,4,2,1,7,190,1,0
C:\markor-master\app\thirdparty\java\other\de\stanetz\jpencconverter\JavaPasswordbasedCryption.java,other.de.stanetz.jpencconverter.JavaPasswordbasedCryption,class,6,11,5,6,20,4,0,22,40,0.77777773,0.14285715,0.21428572,12,3,8,4,0,0,8,0,0,0,3,1,1,2,0,0,3,0,15,127,11,0,3,3,0,10,10,27,10,23,2,0,2,0,163,1,0
C:\markor-master\app\src\main\java\net\gsantner\markor\activity\DocumentShareIntoFragment.java,net.gsantner.markor.activity.DocumentShareIntoFragment$ShareIntoImportOptionsFragment$Anonymous2,anonymous,4,4,0,4,5,1,0,7,1,0.0,0.0,0.0,2,0,2,0,0,0,2,0,0,0,0,0,0,0,0,0,0,0,1,14,0,0,1,0,1,0,0,2,0,3,2,0,0,1,25,-1,0
C:\markor-master\app\src\main\java\net\gsantner\markor\activity\DocumentShareIntoFragment.java,net.gsantner.markor.activity.DocumentShareIntoFragment$ShareIntoImportOptionsFragment$Anonymous1,anonymous,2,2,0,2,2,1,0,1,1,0.0,0.0,0.0,2,0,2,0,0,0,2,0,0,0,0,0,0,0,0,0,0,0,0,8,0,0,0,0,0,0,0,1,0,0,0,0,0,0,18,-1,0
C:\markor-master\app\src\main\java\net\gsantner\opoc\util\GsContextUtils.java,net.gsantner.opoc.util.GsContextUtils,class,93,142,49,93,609,1,1,421,10812,0.98226345,0.0015841953,0.005218526,148,5,146,1,1,0,147,0,0,0,16,16,13,0,3,0,12,0,63,1924,183,29,163,69,78,232,173,384,54,289,6,1,2,8,998,1,0
C:\markor-master\app\thirdparty-lib-src\QuadFlask-colorpicker\src\main\java\com\flask\colorpicker\renderer\FlowerColorWheelRenderer.java,com.flask.colorpicker.renderer.FlowerColorWheelRenderer,class,6,7,1,6,5,2,0,17,0,0.0,NaN,NaN,1,0,1,0,0,0,1,0,0,0,3,0,0,3,0,0,0,0,5,35,0,2,1,0,9,0,19,23,26,20,3,0,0,0,41,1,0
C:\markor-master\app\src\main\java\net\gsantner\markor\format\wikitext\WikitextTextConverter.java,net.gsantner.markor.format.wikitext.WikitextTextConverter,class,9,11,2,9,23,2,0,49,45,0.0,0.0,0.0,10,0,1,8,1,0,2,0,0,0,0,0,0,0,0,0,0,0,10,104,10,3,3,2,1,44,8,26,6,31,4,0,0,8,127,1,0
C:\markor-master\app\thirdparty-lib-src\QuadFlask-colorpicker\src\main\java\com\flask\colorpicker\slider\LightnessSlider.java,com.flask.colorpicker.slider.LightnessSlider,class,10,12,2,10,11,3,0,18,20,0.8,0.14285715,0.14285715,8,0,5,0,3,0,8,0,0,0,5,0,0,5,0,0,0,0,6,47,0,1,2,0,1,0,9,13,5,10,1,0,0,0,40,1,0
C:\markor-master\app\src\main\java\net\gsantner\markor\format\asciidoc\AsciidocReplacePatternGenerator.java,net.gsantner.markor.format.asciidoc.AsciidocReplacePatternGenerator,class,4,5,1,4,7,1,0,5,0,0.8055556,0.33333334,0.4,6,6,6,0,0,0,6,0,0,0,12,12,12,0,0,0,12,0,14,51,6,1,0,0,0,29,1,20,7,20,1,0,0,0,83,1,0
C:\markor-master\app\src\main\java\net\gsantner\markor\format\todotxt\TodoTxtActionButtons.java,net.gsantner.markor.format.todotxt.TodoTxtActionButtons$Anonymous1,anonymous,2,2,0,2,1,1,0,8,0,0.0,NaN,NaN,1,0,1,0,0,0,1,0,0,0,0,0,0,0,0,0,0,0,0,8,0,0,0,0,0,0,0,1,0,1,0,0,0,0,7,-1,0
C:\markor-master\app\src\main\java\net\gsantner\opoc\util\GsContextUtils.java,net.gsantner.opoc.util.GsContextUtils$ResType,enum,0,0,0,0,0,1,0,0,0,0.0,-1.0,-1.0,0,0,0,0,0,0,0,0,0,0,0,0,0,0,0,0,0,0,0,1,0,0,0,0,0,0,0,0,0,0,0,0,0,0,6,1,0
C:\markor-master\app\thirdparty-lib-src\QuadFlask-colorpicker\src\main\java\com\flask\colorpicker\CircleColorDrawable.java,com.flask.colorpicker.CircleColorDrawable,class,5,6,1,5,4,2,0,14,6,0.75,0.0,0.0,4,0,4,0,0,0,4,0,0,0,4,0,0,4,0,0,0,0,4,27,0,0,0,0,0,0,8,6,7,6,0,0,0,0,21,1,0
C:\markor-master\app\src\main\java\net\gsantner\markor\activity\openeditor\OpenEditorActivity.java,net.gsantner.markor.activity.openeditor.OpenEditorActivity,class,7,10,3,7,3,4,3,6,1,0.0,0.0,0.0,2,0,0,0,2,0,2,0,0,0,0,0,0,0,0,0,0,0,1,13,0,0,1,0,0,0,1,1,0,1,1,0,0,0,21,1,0
C:\markor-master\app\src\main\java\net\gsantner\markor\format\todotxt\TodoTxtFilter.java,net.gsantner.markor.format.todotxt.TodoTxtFilter$SttFilterKey,innerclass,0,0,0,0,1,1,0,0,0,0.0,-1.0,-1.0,1,0,0,1,0,0,0,0,0,0,3,0,3,0,0,0,3,0,0,10,0,0,0,0,0,0,0,3,0,3,0,0,0,0,9,9,0
C:\markor-master\app\src\main\java\net\gsantner\opoc\model\GsPropertyBackend.java,net.gsantner.opoc.model.GsPropertyBackend,interface,2,4,2,2,16,1,0,0,120,0.0,0.0,0.0,16,0,0,0,0,16,16,0,0,0,0,0,0,0,0,0,0,0,0,18,0,0,0,0,0,4,0,0,0,0,0,0,0,0,20,1,0
C:\markor-master\app\src\main\java\net\gsantner\markor\model\AppSettings.java,net.gsantner.markor.model.AppSettings,class,19,79,60,19,226,2,0,89,9770,0.9803922,0.0023638231,0.005344296,141,0,140,1,0,0,140,0,0,1,17,13,1,16,0,0,12,0,30,707,145,5,14,0,3,62,47,62,28,59,2,0,0,1,318,1,0
C:\markor-master\app\src\main\java\net\gsantner\opoc\wrapper\GsTextWatcherAdapter.java,net.gsantner.opoc.wrapper.GsTextWatcherAdapter$Anonymous2,anonymous,1,1,0,1,1,1,0,1,0,0.0,NaN,NaN,1,0,1,0,0,0,1,0,0,0,0,0,0,0,0,0,0,0,0,5,0,0,0,0,0,0,0,0,0,0,0,0,0,0,6,-1,0
C:\markor-master\app\src\main\java\net\gsantner\markor\activity\ActionButtonSettingsActivity.java,net.gsantner.markor.activity.ActionButtonSettingsActivity$ReorderCallback,innerclass,6,6,0,6,6,2,0,8,8,0.6,0.0,0.0,5,0,4,1,0,0,4,0,0,0,1,0,0,1,0,0,1,0,0,27,1,0,1,0,2,0,1,4,0,4,1,0,0,0,36,2,0
C:\markor-master\app\src\main\java\net\gsantner\opoc\wrapper\GsTextWatcherAdapter.java,net.gsantner.opoc.wrapper.GsTextWatcherAdapter$Anonymous3,anonymous,1,1,0,1,1,1,0,1,0,0.0,NaN,NaN,1,0,1,0,0,0,1,0,0,0,0,0,0,0,0,0,0,0,0,5,0,0,0,0,0,0,0,0,0,0,0,0,0,0,5,-1,0
C:\markor-master\app\src\main\java\net\gsantner\opoc\wrapper\GsTextWatcherAdapter.java,net.gsantner.opoc.wrapper.GsTextWatcherAdapter$Anonymous1,anonymous,1,1,0,1,1,1,0,1,0,0.0,NaN,NaN,1,0,1,0,0,0,1,0,0,0,0,0,0,0,0,0,0,0,0,5,0,0,0,0,0,0,0,0,0,0,0,0,0,0,6,-1,0
C:\markor-master\app\src\test\java\net\gsantner\markor\format\todotxt\TodoTxtFileRecognitionTests.java,net.gsantner.markor.format.todotxt.TodoTxtFileRecognitionTests,class,2,3,1,2,2,1,0,5,1,0.0,NaN,NaN,2,0,1,1,0,0,1,0,0,0,0,0,0,0,0,0,0,0,0,19,1,0,0,0,0,11,0,1,0,1,0,0,0,0,14,1,0
C:\markor-master\app\src\main\java\net\gsantner\markor\activity\MarkorBaseFragment.java,net.gsantner.markor.activity.MarkorBaseFragment,class,6,8,2,6,2,3,2,1,1,0.0,0.0,0.0,2,0,2,0,0,0,2,0,0,0,0,0,0,0,0,0,0,0,1,8,2,0,0,0,0,0,0,0,0,0,0,0,0,0,10,1025,0
C:\markor-master\app\src\main\java\net\gsantner\markor\activity\SettingsActivity.java,net.gsantner.markor.activity.SettingsActivity,class,10,13,3,10,9,9,0,25,4,0.6666667,0.16666667,0.16666667,4,0,2,0,2,0,4,0,0,0,3,2,1,1,1,0,0,0,0,276,1,0,2,0,0,1,0,11,0,8,2,0,3,1,49,1,0
C:\markor-master\app\thirdparty\java\other\com\vladsch\flexmark\ext\katex\FlexmarkKatexExtension.java,other.com.vladsch.flexmark.ext.katex.FlexmarkKatexExtension$FlexmarkKatexExtensionInternal$KatexDisplayMathParser,innerclass,6,6,0,6,6,1,0,16,6,0.75,0.0,0.0,4,0,4,0,0,0,4,0,0,0,2,0,0,1,0,1,1,0,1,43,2,0,2,0,0,1,3,7,0,7,2,0,1,0,35,9,0
C:\markor-master\app\src\main\java\net\gsantner\markor\format\wikitext\WikitextActionButtons.java,net.gsantner.markor.format.wikitext.WikitextActionButtons,class,18,23,5,18,44,2,0,62,55,0.90909094,0.0,0.0,11,1,6,3,2,0,8,0,0,0,1,0,0,1,0,0,0,0,21,228,34,1,2,1,3,30,19,32,12,33,2,0,0,2,101,1,0
C:\markor-master\app\src\main\java\net\gsantner\markor\frontend\AttachLinkOrFileDialog.java,net.gsantner.markor.frontend.AttachLinkOrFileDialog$Anonymous1,anonymous,5,5,0,5,13,1,0,19,1,0.0,0.0,0.0,2,0,2,0,0,0,2,0,0,0,0,0,0,0,0,0,0,0,5,45,0,0,2,1,0,7,2,15,1,8,2,0,0,1,31,-1,0
C:\markor-master\app\src\main\java\net\gsantner\markor\format\wikitext\WikitextLinkResolver.java,net.gsantner.markor.format.wikitext.WikitextLinkResolver,class,3,7,4,3,28,1,0,20,58,0.8241758,0.0,0.0,13,1,6,7,0,0,6,0,0,0,7,0,0,7,0,0,0,0,3,122,23,0,3,0,0,7,5,27,1,22,2,0,1,0,110,1,0
C:\markor-master\app\src\main\java\net\gsantner\markor\format\todotxt\TodoTxtTask.java,net.gsantner.markor.format.todotxt.TodoTxtTask$TodoDueState,enum,0,0,0,0,0,1,0,0,0,0.0,-1.0,-1.0,0,0,0,0,0,0,0,0,0,0,0,0,0,0,0,0,0,0,0,1,0,0,0,0,0,0,0,0,0,0,0,0,0,0,9,1,0
C:\markor-master\app\thirdparty-lib-src\QuadFlask-colorpicker\src\main\java\com\flask\colorpicker\builder\ColorPickerDialogBuilder.java,com.flask.colorpicker.builder.ColorPickerDialogBuilder$Anonymous1,anonymous,2,2,0,2,1,1,0,1,0,0.0,NaN,NaN,1,0,1,0,0,0,1,0,0,0,0,0,0,0,0,0,0,0,0,5,0,0,0,0,0,0,0,0,0,0,0,0,0,0,8,-1,0
C:\markor-master\app\src\main\java\net\gsantner\markor\activity\ActionButtonSettingsActivity.java,net.gsantner.markor.activity.ActionButtonSettingsActivity,class,22,24,2,22,16,6,0,37,3,0.5555555,0.16666667,0.16666667,6,0,2,2,2,0,4,0,0,0,6,1,1,5,0,0,1,0,0,173,4,3,5,0,0,2,1,20,0,16,2,0,3,0,129,1,0
C:\markor-master\app\thirdparty-lib-src\QuadFlask-colorpicker\src\main\java\com\flask\colorpicker\builder\ColorPickerDialogBuilder.java,com.flask.colorpicker.builder.ColorPickerDialogBuilder$Anonymous2,anonymous,2,2,0,2,1,1,0,1,0,0.0,NaN,NaN,1,0,1,0,0,0,1,0,0,0,0,0,0,0,0,0,0,0,0,5,0,0,0,0,0,0,0,0,0,0,0,0,0,0,8,-1,0
C:\markor-master\app\src\main\java\net\gsantner\markor\activity\MoreFragment.java,net.gsantner.markor.activity.MoreFragment,class,9,12,3,9,6,3,0,7,10,0.8,0.0,0.0,5,1,4,0,1,0,5,0,0,0,1,1,1,0,0,0,1,0,1,26,3,0,1,0,0,1,0,4,0,3,1,0,0,0,32,1,0
C:\markor-master\app\src\main\java\net\gsantner\opoc\format\GsSimplePlaylistParser.java,net.gsantner.opoc.format.GsSimplePlaylistParser,class,2,4,2,2,41,1,0,28,8,0.77500004,0.0,0.0,5,0,3,2,0,0,3,0,0,0,8,8,0,8,0,0,8,0,3,178,7,4,4,4,1,34,24,60,10,24,2,0,1,0,58,1,0
C:\markor-master\app\src\main\java\net\gsantner\opoc\util\GsNanoProfiler.java,net.gsantner.opoc.util.GsNanoProfiler,class,1,2,1,1,12,1,0,7,0,0.54761904,0.53333336,0.6666667,6,0,6,0,0,0,6,0,0,0,7,1,0,7,0,0,1,0,3,51,2,0,2,0,0,14,9,21,10,11,2,0,0,0,40,1,0
C:\markor-master\app\src\main\java\net\gsantner\markor\web\DraggableScrollbarWebView.java,net.gsantner.markor.web.DraggableScrollbarWebView,class,9,10,1,9,29,2,0,25,31,0.76,0.1388889,0.2777778,10,0,8,1,1,0,9,0,0,0,5,0,0,5,0,0,0,0,3,78,7,1,7,0,11,3,14,17,14,12,2,0,0,1,74,1,0
C:\markor-master\app\src\main\java\net\gsantner\opoc\model\GsMapPropertyBackend.java,net.gsantner.opoc.model.GsMapPropertyBackend,class,3,4,1,3,25,1,0,24,120,0.8823529,0.05882353,0.05882353,17,0,17,0,0,0,17,0,0,0,8,0,0,8,0,0,8,0,0,68,16,0,0,0,0,1,0,8,0,8,0,0,0,0,23,1,0
C:\markor-master\app\thirdparty\java\other\writeily\widget\WrFilesWidgetFactory.java,other.writeily.widget.WrFilesWidgetFactory,class,10,12,2,10,18,1,0,31,25,0.6666667,0.22222222,0.22222222,10,0,10,0,0,0,10,0,0,0,3,0,0,3,0,0,3,0,12,64,6,0,1,0,0,2,4,11,0,12,1,0,0,1,47,1,0
C:\markor-master\app\thirdparty-lib-src\QuadFlask-colorpicker\src\androidTest\java\com\flask\colorpicker\ApplicationTest.java,com.flask.colorpicker.ApplicationTest,class,2,2,0,2,1,2,0,0,0,0.0,NaN,NaN,1,0,1,0,0,0,1,0,0,0,0,0,0,0,0,0,0,0,0,5,0,0,0,0,0,0,0,0,0,0,0,0,0,0,7,1,0
C:\markor-master\app\src\main\java\net\gsantner\opoc\util\GsFileUtils.java,net.gsantner.opoc.util.GsFileUtils,class,9,35,26,9,198,1,0,126,895,0.9622093,0.0038461538,0.0038461538,43,43,40,3,0,0,40,0,0,0,5,5,3,2,0,0,5,0,56,631,81,20,40,26,32,125,81,116,34,89,4,0,1,2,318,1,0
C:\markor-master\app\src\main\java\net\gsantner\markor\frontend\textview\ListHandler.java,net.gsantner.markor.frontend.textview.ListHandler,class,9,11,2,9,21,1,0,7,0,0.48000002,0.8333333,1.0,5,0,4,1,0,0,4,0,0,0,5,0,0,5,0,0,1,0,2,62,5,1,6,1,0,0,4,17,3,9,2,0,0,0,36,1,0
C:\markor-master\app\thirdparty\java\other\com\vladsch\flexmark\ext\katex\FlexmarkKatexExtension.java,other.com.vladsch.flexmark.ext.katex.FlexmarkKatexExtension$FlexmarkKatexExtensionInternal$KatexNodeRenderer$Anonymous4,anonymous,4,4,0,4,1,1,0,1,0,0.0,NaN,NaN,1,0,1,0,0,0,1,0,0,0,0,0,0,0,0,0,0,0,0,5,0,0,0,0,0,0,0,0,0,0,0,0,0,0,10,-1,0
C:\markor-master\app\src\main\java\net\gsantner\markor\format\todotxt\TodoTxtSyntaxHighlighter.java,net.gsantner.markor.format.todotxt.TodoTxtSyntaxHighlighter,class,8,9,1,8,3,3,0,5,3,0.6666667,0.0,0.0,3,0,3,0,0,0,3,0,0,0,1,1,0,1,0,0,1,0,1,36,1,0,0,0,0,1,0,2,0,2,0,0,1,1,33,1,0
C:\markor-master\app\src\main\java\net\gsantner\markor\format\TextConverterBase.java,net.gsantner.markor.format.TextConverterBase,class,9,19,10,9,35,1,6,40,26,0.8819444,0.035714287,0.035714287,8,0,4,0,4,0,8,2,0,0,36,35,0,0,36,0,36,0,5,107,6,1,4,1,11,91,13,62,22,44,2,0,0,0,177,1025,0
C:\markor-master\app\src\main\java\net\gsantner\markor\frontend\textview\HighlightingEditor.java,net.gsantner.markor.frontend.textview.HighlightingEditor,class,26,37,11,26,83,2,0,72,525,0.9285714,0.050574712,0.101149425,35,0,28,5,2,0,30,0,0,0,16,3,1,13,0,2,6,0,11,282,19,0,17,1,3,5,27,48,15,38,3,1,0,4,171,1,0
C:\markor-master\app\thirdparty\java\other\com\flask\colorpicker\ColorPickerPreference.java,other.com.flask.colorpicker.ColorPickerPreference,class,15,17,2,15,25,2,0,48,35,0.7979799,0.13333334,0.13333334,11,1,7,1,3,0,10,0,0,0,9,0,0,3,6,0,0,0,8,97,3,0,5,1,3,1,12,28,3,20,3,1,0,0,83,1,0
C:\markor-master\app\src\main\java\net\gsantner\markor\format\markdown\MarkdownSyntaxHighlighter.java,net.gsantner.markor.format.markdown.MarkdownSyntaxHighlighter,class,4,6,2,4,7,2,1,16,0,0.5909091,0.33333334,0.33333334,3,0,2,0,1,0,3,0,0,0,22,18,13,9,0,0,18,0,13,62,1,0,0,0,0,13,5,23,0,22,1,0,0,0,71,1,0
C:\markor-master\app\src\main\java\net\gsantner\markor\frontend\filesearch\FileSearchEngine.java,net.gsantner.markor.frontend.filesearch.FileSearchEngine$FitFile,innerclass,2,2,0,2,6,1,0,5,0,0.16666667,1.0,1.0,2,0,2,0,0,0,2,0,0,0,3,0,3,0,0,0,3,0,3,13,1,0,1,0,2,5,1,3,2,3,0,0,0,0,11,9,0
C:\markor-master\app\thirdparty-lib-src\QuadFlask-colorpicker\src\main\java\com\flask\colorpicker\ColorPickerView.java,com.flask.colorpicker.ColorPickerView,class,29,35,6,29,106,2,0,90,468,0.9095633,0.12433863,0.36243385,37,0,23,9,5,0,28,0,0,0,25,1,0,25,0,0,1,0,19,398,16,6,49,2,9,0,60,119,35,79,4,2,1,0,162,1,0
C:\markor-master\app\src\main\java\net\gsantner\markor\format\markdown\MarkdownTextConverter.java,net.gsantner.markor.format.markdown.MarkdownTextConverter,class,12,17,5,12,57,2,1,71,13,0.88257563,0.0,0.0,6,0,1,4,1,0,2,0,0,0,44,44,42,2,0,0,44,0,11,215,8,7,5,1,8,158,18,110,33,76,4,0,0,0,253,1,0
C:\markor-master\app\src\main\java\net\gsantner\opoc\frontend\base\GsActivityBase.java,net.gsantner.opoc.frontend.base.GsActivityBase,class,14,20,6,14,26,2,0,27,83,0.8877551,0.043956045,0.043956045,14,0,9,0,5,0,14,0,0,0,7,0,0,3,4,0,3,0,0,97,7,0,4,4,1,2,3,14,0,11,3,0,0,2,97,1025,0
C:\markor-master\app\src\main\java\net\gsantner\opoc\frontend\filebrowser\GsFileBrowserOptions.java,net.gsantner.opoc.frontend.filebrowser.GsFileBrowserOptions$Options,innerclass,7,7,0,7,0,1,0,1,0,NaN,-1.0,-1.0,0,0,0,0,0,0,0,0,0,0,28,0,28,0,0,0,0,0,0,30,0,0,0,0,0,1,9,42,0,46,0,0,0,1,68,9,0
C:\markor-master\app\src\main\java\net\gsantner\markor\format\markdown\MarkdownReplacePatternGenerator.java,net.gsantner.markor.format.markdown.MarkdownReplacePatternGenerator,class,4,5,1,4,6,1,0,5,0,0.8,0.6,0.6,5,5,5,0,0,0,5,0,0,0,11,11,10,1,0,0,11,0,13,38,5,1,0,0,0,23,1,16,6,16,1,0,0,0,82,1,0
C:\markor-master\app\thirdparty\java\other\com\vladsch\flexmark\ext\katex\FlexmarkKatexExtension.java,other.com.vladsch.flexmark.ext.katex.FlexmarkKatexExtension$FlexmarkKatexExtensionInternal$KatexNodeRenderer$Anonymous3,anonymous,4,4,0,4,1,1,0,1,0,0.0,NaN,NaN,1,0,1,0,0,0,1,0,0,0,0,0,0,0,0,0,0,0,0,5,0,0,0,0,0,0,0,0,0,0,0,0,0,0,10,-1,0
C:\markor-master\app\thirdparty\java\other\writeily\widget\WrMarkorWidgetProvider.java,other.writeily.widget.WrMarkorWidgetProvider,class,17,21,4,17,6,2,0,26,1,0.0,0.0,0.0,2,1,2,0,0,0,2,0,0,0,0,0,0,0,0,0,0,0,4,43,1,1,1,0,2,2,3,18,0,18,1,0,0,0,45,1,0
C:\markor-master\app\src\main\java\net\gsantner\markor\frontend\textview\SyntaxHighlighterBase.java,net.gsantner.markor.frontend.textview.SyntaxHighlighterBase$ForceUpdateLayout,innerclass,1,1,0,1,0,1,0,0,0,0.0,-1.0,-1.0,0,0,0,0,0,0,0,0,0,0,0,0,0,0,0,0,0,0,0,2,0,0,0,0,0,0,0,0,0,0,0,0,0,0,3,10,0
C:\markor-master\app\src\main\java\net\gsantner\markor\format\ActionButtonBase.java,net.gsantner.markor.format.ActionButtonBase$ActionItem$DisplayMode,enum,0,0,0,0,0,1,0,0,0,0.0,-1.0,-1.0,0,0,0,0,0,0,0,0,0,0,0,0,0,0,0,0,0,0,0,1,0,0,0,0,0,0,0,0,0,0,0,0,0,0,6,1,0
C:\markor-master\app\src\main\java\net\gsantner\opoc\frontend\textview\TextViewUndoRedo.java,net.gsantner.opoc.frontend.textview.TextViewUndoRedo$EditTextChangeListener,innerclass,5,5,0,5,5,1,0,2,1,0.33333334,0.33333334,0.33333334,3,0,3,0,0,0,3,0,0,0,1,0,0,1,0,0,0,0,2,18,2,0,0,0,0,0,0,2,2,2,1,0,0,0,36,18,0
C:\markor-master\app\src\main\java\net\gsantner\opoc\wrapper\GsMenuItemDummy.java,net.gsantner.opoc.wrapper.GsMenuItemDummy,class,10,11,1,10,42,1,0,0,859,0.95238096,0.0011614402,0.0011614402,42,0,42,0,0,0,42,0,0,0,1,0,0,1,0,0,1,0,0,194,40,0,0,0,0,0,4,1,0,1,0,0,1,0,60,1,0
C:\markor-master\app\src\test\java\net\gsantner\markor\format\csv\Csv2MdTableTest.java,net.gsantner.markor.format.csv.Csv2MdTableTest,class,2,2,0,2,2,1,0,3,1,0.0,0.0,0.0,2,0,2,0,0,0,2,0,0,0,0,0,0,0,0,0,0,0,2,14,0,0,0,0,0,20,0,6,4,6,0,0,0,0,23,1,0
C:\markor-master\app\src\main\java\net\gsantner\markor\frontend\textview\SyntaxHighlighterBase.java,net.gsantner.markor.frontend.textview.SyntaxHighlighterBase$SpanGroup,innerclass,2,2,0,2,2,1,0,0,0,0.375,1.0,1.0,2,0,1,0,0,1,2,0,0,0,3,0,0,0,0,3,2,0,0,14,1,0,0,0,0,0,0,4,1,4,0,0,0,0,18,9,0
C:\markor-master\app\src\main\java\net\gsantner\opoc\util\GsFileUtils.java,net.gsantner.opoc.util.GsFileUtils$FileInfo,innerclass,0,0,0,0,0,1,0,0,0,NaN,-1.0,-1.0,0,0,0,0,0,0,0,0,0,0,2,0,2,0,0,0,0,0,0,4,0,0,0,0,0,0,0,2,0,2,0,0,0,0,14,9,0
C:\markor-master\app\src\main\java\net\gsantner\opoc\frontend\base\GsPreferenceFragmentBase.java,net.gsantner.opoc.frontend.base.GsPreferenceFragmentBase$DividerDecoration,innerclass,12,12,0,12,12,2,0,18,4,0.53333336,0.3,0.3,5,0,5,0,0,0,5,0,0,0,3,0,0,3,0,0,1,0,0,45,0,1,4,1,0,1,9,10,1,8,2,0,0,0,36,9,0
C:\markor-master\app\src\main\java\net\gsantner\markor\format\csv\CsvTextConverter.java,net.gsantner.markor.format.csv.CsvTextConverter,class,3,4,1,3,2,3,0,5,1,0.0,0.0,0.0,2,0,1,0,1,0,2,0,0,0,0,0,0,0,0,0,0,0,1,113,2,0,0,0,0,3,0,2,0,1,0,0,1,0,39,1,0
C:\markor-master\app\thirdparty-lib-src\QuadFlask-colorpicker\src\main\java\com\flask\colorpicker\builder\PaintBuilder.java,com.flask.colorpicker.builder.PaintBuilder$PaintHolder,innerclass,6,6,0,6,9,1,0,6,0,0.0,1.0,1.0,9,0,8,1,0,0,8,0,0,0,1,0,0,1,0,0,0,0,0,37,8,0,0,0,0,0,0,1,0,1,0,0,0,0,20,9,0
C:\markor-master\app\src\main\java\net\gsantner\markor\format\ActionButtonBase.java,net.gsantner.markor.format.ActionButtonBase$ReplacePattern,innerclass,0,0,0,0,7,1,0,5,0,0.38888893,1.0,1.0,6,0,6,0,0,0,6,0,0,0,3,0,3,0,0,0,3,0,2,25,2,0,0,0,0,2,0,3,0,3,0,0,0,0,23,9,0
C:\markor-master\app\src\main\java\net\gsantner\opoc\frontend\settings\GsFontPreferenceCompat.java,net.gsantner.opoc.frontend.settings.GsFontPreferenceCompat$TypefaceObjectSpan,innerclass,5,5,0,5,9,2,0,6,4,0.5,0.0,0.0,4,0,3,1,0,0,3,0,0,0,1,0,0,1,0,0,1,0,0,24,0,0,3,0,2,0,4,4,0,4,1,0,0,0,21,1,0
C:\markor-master\app\src\main\java\net\gsantner\opoc\format\GsSimplePlaylistParser.java,net.gsantner.opoc.format.GsSimplePlaylistParser$Item,innerclass,2,2,0,2,10,1,0,5,1,0.8666667,0.33333334,0.33333334,3,0,3,0,0,0,3,0,0,0,9,0,9,0,0,0,0,0,2,34,3,0,5,0,0,11,7,11,4,14,1,0,0,0,33,9,0
C:\markor-master\app\src\main\java\net\gsantner\opoc\frontend\filebrowser\GsFileBrowserFragment.java,net.gsantner.opoc.frontend.filebrowser.GsFileBrowserFragment$FilesystemFragmentOptionsListener,interface,1,1,0,1,1,1,0,0,0,0.0,NaN,NaN,1,0,0,0,0,1,1,0,0,0,0,0,0,0,0,0,0,0,0,3,0,0,0,0,0,0,0,0,0,0,0,0,0,0,6,1,0
C:\markor-master\app\src\main\java\net\gsantner\opoc\web\GsNetworkUtils.java,net.gsantner.opoc.web.GsNetworkUtils,class,5,6,1,5,45,1,0,49,89,0.9285714,0.0,0.0,14,14,11,3,0,0,11,0,0,0,5,5,3,2,0,0,5,0,18,173,21,3,9,10,1,20,9,28,2,22,3,0,0,1,79,1,0
C:\markor-master\app\src\main\java\net\gsantner\opoc\web\GsWebViewClient.java,net.gsantner.opoc.web.GsWebViewClient,class,4,7,3,4,7,2,1,6,0,0.41666666,0.16666667,0.16666667,4,0,3,0,1,0,4,0,0,0,3,0,0,2,1,0,2,0,0,23,0,1,0,0,0,2,8,4,0,3,2,0,0,1,31,1,0
C:\markor-master\app\src\main\java\net\gsantner\markor\frontend\DraggableScrollbarScrollView.java,net.gsantner.markor.frontend.DraggableScrollbarScrollView,class,7,9,2,7,25,2,0,23,18,0.71111107,0.25,0.53571427,9,0,7,1,1,0,8,0,0,0,5,0,0,5,0,0,0,0,2,72,9,0,5,0,11,1,5,15,15,10,2,0,0,0,59,1,0
C:\markor-master\app\src\main\java\net\gsantner\markor\frontend\textview\AutoTextFormatter.java,net.gsantner.markor.frontend.textview.AutoTextFormatter$OrderedListLine,innerclass,3,3,0,3,20,2,0,10,13,0.8,0.06666667,0.06666667,6,0,6,0,0,0,6,0,0,0,8,3,5,3,0,0,8,0,1,70,6,2,1,0,3,1,12,28,9,18,3,0,0,0,57,9,0
C:\markor-master\app\src\main\java\net\gsantner\markor\frontend\filesearch\FileSearchEngine.java,net.gsantner.markor.frontend.filesearch.FileSearchEngine$QueueSearchFilesTask$Anonymous1,anonymous,2,2,0,2,2,1,0,2,0,0.0,NaN,NaN,1,0,1,0,0,0,1,0,0,0,0,0,0,0,0,0,0,0,0,7,0,0,0,0,0,0,0,0,0,0,1,0,0,0,8,-1,0
C:\markor-master\app\src\main\java\net\gsantner\markor\format\markdown\MarkdownActionButtons.java,net.gsantner.markor.format.markdown.MarkdownActionButtons,class,15,17,2,15,35,2,0,41,28,0.875,0.0,0.0,8,0,5,1,2,0,7,0,0,0,1,0,0,1,0,0,0,0,14,166,24,2,3,0,0,16,20,11,5,14,2,0,0,2,68,1,0
C:\markor-master\app\src\main\java\net\gsantner\opoc\frontend\filebrowser\GsFileBrowserFragment.java,net.gsantner.opoc.frontend.filebrowser.GsFileBrowserFragment,class,38,43,5,38,136,3,0,145,180,0.8449075,0.27920228,0.5982906,36,1,26,9,1,0,27,0,0,0,12,2,1,11,0,0,1,0,15,559,29,4,33,0,16,18,12,75,6,60,5,3,1,9,184,1,0
C:\markor-master\app\src\test\java\net\gsantner\markor\format\wikitext\WikitextSyntaxHighlighterTests.java,net.gsantner.markor.format.wikitext.WikitextSyntaxHighlighterTests$HeadingTests,innerclass,3,3,0,3,7,1,0,8,9,0.42857143,0.2,0.2,7,0,6,1,0,0,6,0,0,0,1,0,0,1,0,0,0,0,0,33,0,0,0,0,0,5,0,9,0,9,0,0,0,0,38,9,0
C:\markor-master\app\thirdparty-lib-src\QuadFlask-colorpicker\src\main\java\com\flask\colorpicker\slider\AlphaSlider.java,com.flask.colorpicker.slider.AlphaSlider,class,9,11,2,9,13,3,0,20,24,0.7962963,0.16666667,0.19444445,9,0,5,0,4,0,9,0,0,0,6,0,1,5,0,0,0,0,9,54,0,1,2,0,1,0,14,13,9,11,1,0,0,0,44,1,0
C:\markor-master\app\src\main\java\net\gsantner\markor\format\todotxt\TodoTxtTask.java,net.gsantner.markor.format.todotxt.TodoTxtTask,class,7,15,8,7,54,1,0,50,302,0.95258605,0.16666667,0.18333334,29,15,25,4,0,0,25,0,0,0,32,22,22,10,0,0,23,0,35,298,29,8,10,0,4,40,12,56,5,46,2,0,2,0,106,1,0
C:\markor-master\app\src\main\java\net\gsantner\markor\frontend\textview\ReplacePatternGeneratorHelper.java,net.gsantner.markor.frontend.textview.ReplacePatternGeneratorHelper,class,2,6,4,2,4,1,0,3,1,0.0,0.0,0.0,2,2,2,0,0,0,2,0,0,0,0,0,0,0,0,0,0,0,1,20,2,1,0,0,0,1,0,4,0,3,2,0,0,0,48,1,0
C:\markor-master\app\src\main\java\net\gsantner\opoc\wrapper\GsCallback.java,net.gsantner.opoc.wrapper.GsCallback$b3,interface,3,3,0,3,1,1,0,0,0,0.0,NaN,NaN,1,0,0,0,0,1,1,0,0,0,0,0,0,0,0,0,0,0,0,3,0,0,0,0,0,0,0,0,0,0,0,0,0,0,5,1,0
C:\markor-master\app\src\main\java\net\gsantner\opoc\frontend\GsSearchOrCustomTextDialog.java,net.gsantner.opoc.frontend.GsSearchOrCustomTextDialog$DialogOptions,innerclass,9,9,0,9,0,1,0,0,0,NaN,-1.0,-1.0,0,0,0,0,0,0,0,0,0,0,29,0,29,0,0,0,0,0,0,31,0,0,0,0,0,2,4,28,0,29,0,0,0,0,55,9,0
C:\markor-master\app\src\main\java\net\gsantner\opoc\wrapper\GsCallback.java,net.gsantner.opoc.wrapper.GsCallback$b2,interface,2,2,0,2,1,1,0,0,0,0.0,NaN,NaN,1,0,0,0,0,1,1,0,0,0,0,0,0,0,0,0,0,0,0,3,0,0,0,0,0,0,0,0,0,0,0,0,0,0,4,1,0
C:\markor-master\app\src\main\java\net\gsantner\opoc\frontend\GsSearchOrCustomTextDialog.java,net.gsantner.opoc.frontend.GsSearchOrCustomTextDialog,class,26,28,2,26,60,2,0,84,8,0.6,0.0,0.0,5,5,3,2,0,0,3,0,0,0,1,1,1,0,0,0,1,0,6,315,7,0,30,0,12,9,36,44,7,56,3,0,2,9,93,1,0
C:\markor-master\app\src\main\java\net\gsantner\opoc\wrapper\GsCallback.java,net.gsantner.opoc.wrapper.GsCallback$b5,interface,5,5,0,5,1,1,0,0,0,0.0,NaN,NaN,1,0,0,0,0,1,1,0,0,0,0,0,0,0,0,0,0,0,0,3,0,0,0,0,0,0,0,0,0,0,0,0,0,0,7,1,0
C:\markor-master\app\src\main\java\net\gsantner\opoc\wrapper\GsCallback.java,net.gsantner.opoc.wrapper.GsCallback$b4,interface,4,4,0,4,1,1,0,0,0,0.0,NaN,NaN,1,0,0,0,0,1,1,0,0,0,0,0,0,0,0,0,0,0,0,3,0,0,0,0,0,0,0,0,0,0,0,0,0,0,6,1,0
C:\markor-master\app\src\main\java\net\gsantner\markor\frontend\MarkorDialogFactory.java,net.gsantner.markor.frontend.MarkorDialogFactory$Heading,innerclass,0,0,0,0,1,1,0,1,0,0.0,NaN,NaN,1,0,0,0,0,1,1,0,0,0,2,0,0,0,0,2,2,0,0,9,0,0,0,0,0,0,0,3,0,3,0,0,0,0,6,10,0
C:\markor-master\app\src\test\java\net\gsantner\markor\format\wikitext\WikitextSyntaxHighlighterTests.java,net.gsantner.markor.format.wikitext.WikitextSyntaxHighlighterTests$PatternBoldTests,innerclass,2,2,0,2,7,1,0,7,0,0.0,1.0,1.0,7,0,7,0,0,0,7,0,0,0,1,0,0,1,0,0,0,0,0,36,0,0,0,0,0,11,0,7,0,7,0,0,0,0,32,9,0
C:\markor-master\app\src\main\java\net\gsantner\opoc\wrapper\GsCallback.java,net.gsantner.opoc.wrapper.GsCallback$b1,interface,1,1,0,1,1,1,0,0,0,0.0,NaN,NaN,1,0,0,0,0,1,1,0,0,0,0,0,0,0,0,0,0,0,0,3,0,0,0,0,0,0,0,0,0,0,0,0,0,0,3,1,0
C:\markor-master\app\src\main\java\net\gsantner\opoc\wrapper\GsCallback.java,net.gsantner.opoc.wrapper.GsCallback$b0,interface,0,0,0,0,1,1,0,0,0,0.0,NaN,NaN,1,0,0,0,0,1,1,0,0,0,0,0,0,0,0,0,0,0,0,3,0,0,0,0,0,0,0,0,0,0,0,0,0,0,2,1,0
C:\markor-master\app\src\main\java\net\gsantner\markor\activity\SettingsActivity.java,net.gsantner.markor.activity.SettingsActivity$SettingsFragmentMaster$Anonymous1,anonymous,3,3,0,3,2,1,0,4,1,0.0,0.0,0.0,2,0,2,0,0,0,2,0,0,0,0,0,0,0,0,0,0,0,0,11,0,0,0,0,0,0,0,2,0,0,0,0,0,0,15,-1,0
C:\markor-master\app\thirdparty\java\other\com\vladsch\flexmark\ext\katex\FlexmarkKatexExtension.java,other.com.vladsch.flexmark.ext.katex.FlexmarkKatexExtension$FlexmarkKatexExtensionInternal$KatexDisplayMathParser$Factory,innerclass,4,4,0,4,5,1,0,0,10,0.0,0.0,0.0,5,0,5,0,0,0,5,0,0,0,0,0,0,0,0,0,0,0,0,17,5,0,0,0,0,1,0,0,0,0,0,0,0,0,21,9,0
C:\markor-master\app\src\main\java\net\gsantner\markor\format\FormatRegistry.java,net.gsantner.markor.format.FormatRegistry$TextFormatApplier,interface,0,0,0,0,1,1,0,0,0,0.0,NaN,NaN,1,0,0,0,0,1,1,0,0,0,0,0,0,0,0,0,0,0,0,3,0,0,0,0,0,0,0,0,0,0,0,0,0,0,6,1,0
C:\markor-master\app\src\test\java\net\gsantner\markor\format\todotxt\TodoTxtQuerySyntaxTests.java,net.gsantner.markor.format.todotxt.TodoTxtQuerySyntaxTests,class,4,5,1,4,3,1,0,6,3,0.0,0.0,0.0,3,0,2,1,0,0,2,0,0,0,0,0,0,0,0,0,0,0,21,31,1,0,0,0,0,27,0,1,0,1,0,0,0,0,26,1,0
C:\markor-master\app\src\main\java\net\gsantner\markor\format\FormatRegistry.java,net.gsantner.markor.format.FormatRegistry,class,35,40,5,35,23,1,0,4,16,0.8489583,0.0,0.0,8,2,8,0,0,0,8,0,0,0,24,18,17,7,0,0,18,0,1,139,9,1,2,0,0,0,3,59,0,28,3,0,1,0,77,1,0
C:\markor-master\app\src\main\java\net\gsantner\markor\frontend\DatetimeFormatDialog.java,net.gsantner.markor.frontend.DatetimeFormatDialog$Anonymous1,anonymous,3,3,0,3,6,1,0,11,0,0.33333334,1.0,1.0,3,0,3,0,0,0,3,0,0,0,2,1,0,2,0,0,1,0,4,19,0,0,0,0,0,1,2,5,1,3,1,0,0,0,22,-1,0
C:\markor-master\app\src\main\java\net\gsantner\opoc\wrapper\GsCallback.java,net.gsantner.opoc.wrapper.GsCallback$s4,interface,4,4,0,4,1,1,0,0,0,0.0,NaN,NaN,1,0,0,0,0,1,1,0,0,0,0,0,0,0,0,0,0,0,0,3,0,0,0,0,0,0,0,0,0,0,0,0,0,0,6,1,0
C:\markor-master\app\thirdparty\java\other\de\stanetz\jpencconverter\JavaPasswordbasedCryption.java,other.de.stanetz.jpencconverter.JavaPasswordbasedCryption$Version,enum,0,0,0,0,1,1,0,0,0,0.125,NaN,NaN,1,0,0,0,0,1,1,0,0,0,8,1,1,7,0,0,8,0,0,20,0,0,0,0,0,7,9,8,0,8,0,0,0,0,47,1,0
C:\markor-master\app\thirdparty\java\other\writeily\format\asciidoc\WrAsciidocHeaderSpanCreator.java,other.writeily.format.asciidoc.WrAsciidocHeaderSpanCreator,class,4,6,2,4,10,1,0,13,9,0.73333335,1.0,1.0,6,0,2,4,0,0,2,0,0,0,5,3,0,5,0,0,5,0,1,38,6,1,1,0,0,0,7,11,1,10,1,0,0,0,48,1,0
C:\markor-master\app\src\main\java\net\gsantner\opoc\wrapper\GsCallback.java,net.gsantner.opoc.wrapper.GsCallback$s3,interface,3,3,0,3,1,1,0,0,0,0.0,NaN,NaN,1,0,0,0,0,1,1,0,0,0,0,0,0,0,0,0,0,0,0,3,0,0,0,0,0,0,0,0,0,0,0,0,0,0,5,1,0
C:\markor-master\app\src\main\java\net\gsantner\opoc\wrapper\GsCallback.java,net.gsantner.opoc.wrapper.GsCallback$s5,interface,5,5,0,5,1,1,0,0,0,0.0,NaN,NaN,1,0,0,0,0,1,1,0,0,0,0,0,0,0,0,0,0,0,0,3,0,0,0,0,0,0,0,0,0,0,0,0,0,0,7,1,0
C:\markor-master\app\src\main\java\net\gsantner\opoc\wrapper\GsCallback.java,net.gsantner.opoc.wrapper.GsCallback$s0,interface,0,0,0,0,1,1,0,0,0,0.0,NaN,NaN,1,0,0,0,0,1,1,0,0,0,0,0,0,0,0,0,0,0,0,3,0,0,0,0,0,0,0,0,0,0,0,0,0,0,2,1,0
C:\markor-master\app\src\main\java\net\gsantner\markor\frontend\textview\TextViewUtils.java,net.gsantner.markor.frontend.textview.TextViewUtils$ChunkedEditable,innerclass,8,8,0,8,47,1,0,24,316,0.86160713,0.053333335,0.07,28,1,25,3,0,0,25,0,0,0,7,0,0,7,0,0,1,0,8,142,23,0,15,0,4,3,40,26,1,12,2,0,0,0,94,9,0
C:\markor-master\app\src\main\java\net\gsantner\opoc\wrapper\GsCallback.java,net.gsantner.opoc.wrapper.GsCallback$s2,interface,2,2,0,2,1,1,0,0,0,0.0,NaN,NaN,1,0,0,0,0,1,1,0,0,0,0,0,0,0,0,0,0,0,0,3,0,0,0,0,0,0,0,0,0,0,0,0,0,0,4,1,0
C:\markor-master\app\thirdparty\java\other\de\stanetz\jpencconverter\JavaPasswordbasedCryption.java,other.de.stanetz.jpencconverter.JavaPasswordbasedCryption$EncryptionFailedException,innerclass,0,0,0,0,1,4,0,0,0,0.0,NaN,NaN,1,0,0,0,0,1,1,0,0,0,0,0,0,0,0,0,0,0,0,5,0,0,0,0,0,0,0,0,0,0,0,0,0,0,11,25,0
C:\markor-master\app\src\main\java\net\gsantner\markor\format\csv\CsvTextConverter.java,net.gsantner.markor.format.csv.CsvTextConverter$Csv2MdTable,innerclass,7,7,0,7,32,1,0,33,45,0.8333333,0.0,0.0,11,7,3,8,0,0,3,0,0,0,6,4,1,5,0,0,5,0,11,103,9,6,9,3,3,11,14,22,1,18,4,0,0,0,68,12,0
C:\markor-master\app\src\main\java\net\gsantner\markor\frontend\textview\HighlightingEditor.java,net.gsantner.markor.frontend.textview.HighlightingEditor$Anonymous1,anonymous,2,2,0,2,7,1,0,2,1,0.0,0.0,0.0,2,0,2,0,0,0,2,0,0,0,0,0,0,0,0,0,0,0,0,12,0,0,3,0,0,0,0,0,0,0,1,0,0,0,13,-1,0
C:\markor-master\app\src\main\java\net\gsantner\opoc\wrapper\GsCallback.java,net.gsantner.opoc.wrapper.GsCallback$s1,interface,1,1,0,1,1,1,0,0,0,0.0,NaN,NaN,1,0,0,0,0,1,1,0,0,0,0,0,0,0,0,0,0,0,0,3,0,0,0,0,0,0,0,0,0,0,0,0,0,0,3,1,0
C:\markor-master\app\src\main\java\net\gsantner\opoc\frontend\settings\GsLanguagePreferenceCompat.java,net.gsantner.opoc.frontend.settings.GsLanguagePreferenceCompat,class,7,8,1,7,27,2,0,34,66,0.82051283,0.044444446,0.044444446,13,0,10,3,0,0,10,0,0,0,3,1,2,1,0,0,1,0,4,101,5,2,0,0,3,42,26,30,21,15,2,0,0,0,78,1,0
C:\markor-master\app\src\main\java\net\gsantner\opoc\frontend\settings\GsFontPreferenceCompat.java,net.gsantner.opoc.frontend.settings.GsFontPreferenceCompat,class,12,14,2,12,39,3,0,46,67,0.8333333,0.12727273,0.2,14,2,11,3,0,0,11,0,0,0,6,3,2,4,0,0,2,0,7,164,9,8,6,2,0,62,11,29,7,21,5,0,1,1,107,1,0
C:\markor-master\app\src\test\java\net\gsantner\markor\format\markdown\MarkdownHighlighterPatternItalicTest.java,net.gsantner.markor.format.markdown.MarkdownHighlighterPatternItalicTest,class,2,2,0,2,19,1,0,7,0,0.0,1.0,1.0,19,0,19,0,0,0,19,0,0,0,1,0,0,1,0,0,0,0,0,95,0,0,0,0,0,33,0,19,0,19,0,0,0,0,41,1,0
C:\markor-master\app\thirdparty-lib-src\QuadFlask-colorpicker\src\main\java\com\flask\colorpicker\builder\PaintBuilder.java,com.flask.colorpicker.builder.PaintBuilder,class,7,14,7,7,6,1,0,8,3,0.0,0.0,0.0,3,3,2,1,0,0,2,0,0,0,0,0,0,0,0,0,0,0,4,59,3,2,1,0,3,0,14,8,10,6,3,0,1,0,21,1,0
C:\markor-master\app\src\main\java\net\gsantner\opoc\wrapper\GsCallback.java,net.gsantner.opoc.wrapper.GsCallback$a2,interface,2,2,0,2,1,1,0,0,0,0.0,NaN,NaN,1,0,0,0,0,1,1,0,0,0,0,0,0,0,0,0,0,0,0,3,0,0,0,0,0,0,0,0,0,0,0,0,0,0,4,1,0
C:\markor-master\app\src\main\java\net\gsantner\opoc\wrapper\GsCallback.java,net.gsantner.opoc.wrapper.GsCallback$a1,interface,1,1,0,1,1,1,0,0,0,0.0,NaN,NaN,1,0,0,0,0,1,1,0,0,0,0,0,0,0,0,0,0,0,0,3,0,0,0,0,0,0,0,0,0,0,0,0,0,0,3,1,0
C:\markor-master\app\thirdparty\java\other\com\vladsch\flexmark\ext\katex\FlexmarkKatexExtension.java,other.com.vladsch.flexmark.ext.katex.FlexmarkKatexExtension$KatexVisitor,interface,2,2,0,2,2,1,0,0,1,0.0,0.0,0.0,2,0,0,0,0,2,2,0,0,0,0,0,0,0,0,0,0,0,0,4,0,0,0,0,0,0,0,0,0,0,0,0,0,0,7,9,0
C:\markor-master\app\src\main\java\net\gsantner\opoc\wrapper\GsCallback.java,net.gsantner.opoc.wrapper.GsCallback$a4,interface,4,4,0,4,1,1,0,0,0,0.0,NaN,NaN,1,0,0,0,0,1,1,0,0,0,0,0,0,0,0,0,0,0,0,3,0,0,0,0,0,0,0,0,0,0,0,0,0,0,6,1,0
C:\markor-master\app\src\main\java\net\gsantner\opoc\util\GsCoolExperimentalStuff.java,net.gsantner.opoc.util.GsCoolExperimentalStuff,class,11,13,2,11,11,1,0,40,1,0.0,0.0,0.0,2,2,2,0,0,0,2,0,0,0,0,0,0,0,0,0,0,0,1,100,3,1,2,2,6,12,18,25,9,25,3,1,0,4,76,1,0
C:\markor-master\app\src\main\java\net\gsantner\opoc\wrapper\GsCallback.java,net.gsantner.opoc.wrapper.GsCallback$a3,interface,3,3,0,3,1,1,0,0,0,0.0,NaN,NaN,1,0,0,0,0,1,1,0,0,0,0,0,0,0,0,0,0,0,0,3,0,0,0,0,0,0,0,0,0,0,0,0,0,0,5,1,0
C:\markor-master\app\thirdparty\java\other\writeily\model\WrMarkorSingleton.java,other.writeily.model.WrMarkorSingleton$ConflictResolution,enum,0,0,0,0,0,1,0,0,0,0.0,-1.0,-1.0,0,0,0,0,0,0,0,0,0,0,0,0,0,0,0,0,0,0,0,1,0,0,0,0,0,0,0,0,0,0,0,0,0,0,6,2,0
C:\markor-master\app\src\main\java\net\gsantner\opoc\frontend\filebrowser\GsFileBrowserListAdapter.java,net.gsantner.opoc.frontend.filebrowser.GsFileBrowserListAdapter$FilesystemViewerViewHolder,innerclass,5,5,0,5,1,2,0,1,0,0.0,NaN,NaN,1,0,0,0,0,1,1,0,0,0,4,0,0,0,0,4,0,0,0,13,0,0,0,0,0,2,0,4,0,4,0,0,0,0,14,8,0
C:\markor-master\app\src\main\java\net\gsantner\opoc\wrapper\GsCallback.java,net.gsantner.opoc.wrapper.GsCallback$a0,interface,0,0,0,0,1,1,0,0,0,0.0,NaN,NaN,1,0,0,0,0,1,1,0,0,0,0,0,0,0,0,0,0,0,0,3,0,0,0,0,0,0,0,0,0,0,0,0,0,0,2,1,0
C:\markor-master\app\thirdparty-lib-src\QuadFlask-colorpicker\src\main\java\com\flask\colorpicker\builder\ColorPickerDialogBuilder.java,com.flask.colorpicker.builder.ColorPickerDialogBuilder,class,22,28,6,22,48,1,0,40,283,0.89523804,0.20652173,0.8369565,30,3,24,6,0,0,24,0,0,0,14,0,0,14,0,0,0,0,6,217,28,3,4,0,2,1,20,50,3,32,4,2,0,0,93,1,0
C:\markor-master\app\src\main\java\net\gsantner\markor\format\keyvalue\KeyValueSyntaxHighlighter.java,net.gsantner.markor.format.keyvalue.KeyValueSyntaxHighlighter,class,2,3,1,2,2,2,0,7,1,0.5625,0.0,0.0,2,0,1,0,1,0,2,0,0,0,8,8,8,0,0,0,8,0,8,27,0,0,0,0,0,8,5,8,0,8,0,0,0,0,49,1,0
C:\markor-master\app\src\main\java\net\gsantner\opoc\frontend\filebrowser\GsFileBrowserListAdapter.java,net.gsantner.opoc.frontend.filebrowser.GsFileBrowserListAdapter,class,23,34,11,23,135,3,0,94,254,0.90138894,0.2405303,0.8238636,36,1,33,3,0,0,33,0,0,0,20,10,8,12,0,0,18,0,5,512,37,4,41,1,16,43,17,64,5,53,4,1,3,3,178,1,0
C:\markor-master\app\src\main\java\net\gsantner\markor\format\asciidoc\AsciidocTextConverter.java,net.gsantner.markor.format.asciidoc.AsciidocTextConverter,class,3,4,1,3,3,2,0,4,1,0.5,0.0,0.0,2,0,1,0,1,0,2,0,0,0,4,4,3,1,0,0,4,0,2,14,2,0,0,0,1,22,0,6,1,6,0,0,0,0,95,1,0
C:\markor-master\app\thirdparty-lib-src\QuadFlask-colorpicker\src\main\java\com\flask\colorpicker\renderer\SimpleColorWheelRenderer.java,com.flask.colorpicker.renderer.SimpleColorWheelRenderer,class,6,7,1,6,4,2,0,15,0,0.0,NaN,NaN,1,0,1,0,0,0,1,0,0,0,2,0,0,2,0,0,0,0,3,31,0,2,0,0,7,0,13,19,19,16,3,0,0,0,36,1,0
C:\markor-master\app\thirdparty\java\other\com\flask\colorpicker\ColorPickerPreference.java,other.com.flask.colorpicker.ColorPickerPreference$Anonymous1,anonymous,2,2,0,2,1,1,0,1,0,0.0,NaN,NaN,1,0,1,0,0,0,1,0,0,0,0,0,0,0,0,0,0,0,0,5,0,0,0,0,0,0,0,0,0,0,0,0,0,0,12,-1,0
C:\markor-master\app\src\main\java\net\gsantner\opoc\wrapper\GsCallback.java,net.gsantner.opoc.wrapper.GsCallback$r3,interface,4,4,0,4,1,1,0,0,0,0.0,NaN,NaN,1,0,0,0,0,1,1,0,0,0,0,0,0,0,0,0,0,0,0,3,0,0,0,0,0,0,0,0,0,0,0,0,0,0,6,1,0
C:\markor-master\app\src\main\java\net\gsantner\opoc\frontend\GsLinearSplitLayout.java,net.gsantner.opoc.frontend.GsLinearSplitLayout,class,8,9,1,8,21,2,0,10,45,0.0,0.0,0.0,10,0,9,1,0,0,9,0,0,0,0,0,0,0,0,0,0,0,0,60,0,0,3,0,1,6,7,5,0,2,1,0,0,0,90,1,0
C:\markor-master\app\src\main\java\net\gsantner\opoc\wrapper\GsCallback.java,net.gsantner.opoc.wrapper.GsCallback$r2,interface,3,3,0,3,1,1,0,0,0,0.0,NaN,NaN,1,0,0,0,0,1,1,0,0,0,0,0,0,0,0,0,0,0,0,3,0,0,0,0,0,0,0,0,0,0,0,0,0,0,5,1,0
C:\markor-master\app\src\main\java\net\gsantner\opoc\wrapper\GsCallback.java,net.gsantner.opoc.wrapper.GsCallback$r5,interface,6,6,0,6,1,1,0,0,0,0.0,NaN,NaN,1,0,0,0,0,1,1,0,0,0,0,0,0,0,0,0,0,0,0,3,0,0,0,0,0,0,0,0,0,0,0,0,0,0,8,1,0
C:\markor-master\app\src\main\java\net\gsantner\opoc\wrapper\GsCallback.java,net.gsantner.opoc.wrapper.GsCallback$r4,interface,5,5,0,5,1,1,0,0,0,0.0,NaN,NaN,1,0,0,0,0,1,1,0,0,0,0,0,0,0,0,0,0,0,0,3,0,0,0,0,0,0,0,0,0,0,0,0,0,0,7,1,0
C:\markor-master\app\src\main\java\net\gsantner\markor\activity\DocumentEditAndViewFragment.java,net.gsantner.markor.activity.DocumentEditAndViewFragment$Anonymous3,anonymous,1,1,0,1,1,1,0,1,0,0.0,NaN,NaN,1,0,1,0,0,0,1,0,0,0,0,0,0,0,0,0,0,0,0,5,0,0,0,0,0,0,0,0,0,0,0,0,0,0,5,-1,0
C:\markor-master\app\src\main\java\net\gsantner\markor\activity\MainActivity.java,net.gsantner.markor.activity.MainActivity$Anonymous1,anonymous,1,1,0,1,1,1,0,2,0,0.0,NaN,NaN,1,0,1,0,0,0,1,0,0,0,0,0,0,0,0,0,0,0,0,6,0,0,0,0,0,0,0,0,0,0,0,0,0,0,6,-1,0
C:\markor-master\app\src\main\java\net\gsantner\opoc\wrapper\GsCallback.java,net.gsantner.opoc.wrapper.GsCallback$r1,interface,2,2,0,2,1,1,0,0,0,0.0,NaN,NaN,1,0,0,0,0,1,1,0,0,0,0,0,0,0,0,0,0,0,0,3,0,0,0,0,0,0,0,0,0,0,0,0,0,0,4,1,0
C:\markor-master\app\src\main\java\net\gsantner\markor\activity\DocumentEditAndViewFragment.java,net.gsantner.markor.activity.DocumentEditAndViewFragment$Anonymous2,anonymous,3,3,0,3,2,1,0,3,1,0.0,0.0,0.0,2,0,2,0,0,0,2,0,0,0,0,0,0,0,0,0,0,0,1,8,0,0,0,0,0,0,0,1,0,0,0,0,0,0,10,-1,0
C:\markor-master\app\src\main\java\net\gsantner\markor\activity\MainActivity.java,net.gsantner.markor.activity.MainActivity$Anonymous2,anonymous,8,8,0,8,8,1,0,17,3,0.0,0.0,0.0,3,0,3,0,0,0,3,0,0,0,0,0,0,0,0,0,0,0,2,21,0,0,3,0,0,1,0,7,0,0,2,0,0,0,32,-1,0
C:\markor-master\app\src\main\java\net\gsantner\opoc\wrapper\GsCallback.java,net.gsantner.opoc.wrapper.GsCallback$r0,interface,1,1,0,1,1,1,0,0,0,0.0,NaN,NaN,1,0,0,0,0,1,1,0,0,0,0,0,0,0,0,0,0,0,0,3,0,0,0,0,0,0,0,0,0,0,0,0,0,0,2,1,0
C:\markor-master\app\src\main\java\net\gsantner\markor\frontend\filesearch\FileSearchDialog.java,net.gsantner.markor.frontend.filesearch.FileSearchDialog,class,18,20,2,18,14,1,0,51,1,0.0,NaN,NaN,2,2,1,1,0,0,1,0,0,0,0,0,0,0,0,0,0,0,2,114,3,0,7,0,3,0,10,28,4,29,3,1,0,5,56,1,0
C:\markor-master\app\src\main\java\net\gsantner\markor\frontend\textview\SyntaxHighlighterBase.java,net.gsantner.markor.frontend.textview.SyntaxHighlighterBase$Anonymous1,anonymous,4,4,0,4,2,1,0,0,1,0.0,0.0,0.0,2,0,2,0,0,0,2,0,0,0,0,0,0,0,0,0,0,0,0,7,1,0,0,0,0,0,0,0,0,0,0,0,0,0,11,-1,0
C:\markor-master\app\thirdparty\java\other\writeily\widget\WrFilesWidgetService.java,other.writeily.widget.WrFilesWidgetService,class,4,5,1,4,1,2,0,1,0,0.0,NaN,NaN,1,0,1,0,0,0,1,0,0,0,0,0,0,0,0,0,0,0,0,5,1,0,0,0,1,0,0,0,0,0,0,0,0,0,15,1,0
C:\markor-master\app\src\main\java\net\gsantner\opoc\wrapper\GsCallback.java,net.gsantner.opoc.wrapper.GsCallback$a5,interface,5,5,0,5,1,1,0,0,0,0.0,NaN,NaN,1,0,0,0,0,1,1,0,0,0,0,0,0,0,0,0,0,0,0,3,0,0,0,0,0,0,0,0,0,0,0,0,0,0,7,1,0
C:\markor-master\app\src\main\java\net\gsantner\markor\format\todotxt\TodoTxtBasicSyntaxHighlighter.java,net.gsantner.markor.format.todotxt.TodoTxtBasicSyntaxHighlighter,class,3,5,2,3,4,2,1,7,1,0.5,0.0,0.0,2,0,2,0,0,0,2,0,0,0,12,12,0,12,0,0,12,0,0,33,0,0,0,0,0,0,14,12,0,12,0,0,0,0,59,1,0
C:\markor-master\app\src\main\java\net\gsantner\opoc\wrapper\GsCallback.java,net.gsantner.opoc.wrapper.GsCallback,class,0,0,0,0,0,1,0,0,0,0.0,-1.0,-1.0,0,0,0,0,0,0,0,0,0,0,0,0,0,0,0,0,0,0,0,74,0,0,0,0,0,1,0,0,0,0,0,0,24,0,2,1,0
C:\markor-master\app\src\main\java\net\gsantner\opoc\frontend\filebrowser\GsFileBrowserListAdapter.java,net.gsantner.opoc.frontend.filebrowser.GsFileBrowserListAdapter$TagContainer,innerclass,0,0,0,0,1,1,0,0,0,0.0,NaN,NaN,1,0,1,0,0,0,1,0,0,0,2,0,2,0,0,0,2,0,0,8,0,0,0,0,0,0,0,2,0,2,0,0,0,0,6,9,0
C:\markor-master\app\src\test\java\net\gsantner\markor\model\TestPlayground.java,net.gsantner.markor.model.TestPlayground,class,1,1,0,1,1,1,0,1,0,0.0,NaN,NaN,1,0,1,0,0,0,1,0,0,0,0,0,0,0,0,0,0,0,0,5,0,0,0,0,0,1,0,0,0,0,0,0,0,0,8,1,0
C:\markor-master\app\thirdparty\java\other\com\vladsch\flexmark\ext\katex\FlexmarkKatexExtension.java,other.com.vladsch.flexmark.ext.katex.FlexmarkKatexExtension$KatexInlineMath,innerclass,3,3,0,3,11,2,0,4,7,0.54545456,0.43636364,0.6545454,11,0,11,0,0,0,11,0,0,0,3,0,0,0,3,0,0,0,0,40,4,0,0,0,0,1,0,9,0,3,0,0,0,0,27,9,0
C:\markor-master\app\src\main\java\net\gsantner\markor\activity\ActionButtonSettingsActivity.java,net.gsantner.markor.activity.ActionButtonSettingsActivity$OrderAdapter,innerclass,5,5,0,5,5,1,0,8,0,0.4375,0.33333334,0.33333334,4,0,3,1,0,0,3,0,0,0,4,0,0,4,0,0,4,0,0,26,2,1,0,0,0,0,1,6,0,6,1,0,0,0,25,2,0
C:\markor-master\app\thirdparty\java\other\com\vladsch\flexmark\ext\katex\FlexmarkKatexExtension.java,other.com.vladsch.flexmark.ext.katex.FlexmarkKatexExtension$KatexDisplayMath,innerclass,3,3,0,3,11,2,0,4,7,0.54545456,0.43636364,0.6545454,11,0,11,0,0,0,11,0,0,0,3,0,0,0,3,0,0,0,0,40,4,0,0,0,0,1,0,9,0,3,0,0,0,0,27,9,0
C:\markor-master\app\thirdparty\java\other\com\vladsch\flexmark\ext\katex\FlexmarkKatexExtension.java,other.com.vladsch.flexmark.ext.katex.FlexmarkKatexExtension$FlexmarkKatexExtensionInternal$KatexInlineMathParser$Factory,innerclass,4,4,0,4,5,1,0,0,10,0.0,0.0,0.0,5,0,5,0,0,0,5,0,0,0,0,0,0,0,0,0,0,0,0,17,5,0,0,0,0,1,0,0,0,0,0,0,0,0,20,9,0
C:\markor-master\app\src\main\java\net\gsantner\markor\activity\DocumentEditAndViewFragment.java,net.gsantner.markor.activity.DocumentEditAndViewFragment$Anonymous1,anonymous,0,0,0,0,2,1,0,2,1,0.0,0.0,0.0,2,0,2,0,0,0,2,0,0,0,0,0,0,0,0,0,0,0,0,10,2,0,0,0,0,0,0,0,0,0,0,0,0,0,7,-1,0
C:\markor-master\app\src\main\java\net\gsantner\markor\frontend\MarkorDialogFactory.java,net.gsantner.markor.frontend.MarkorDialogFactory,class,41,52,11,41,76,1,0,136,435,0.0,0.0,0.0,30,30,25,5,0,0,25,0,0,0,0,0,0,0,0,0,0,0,125,637,7,11,10,0,4,33,38,290,8,164,4,0,1,56,274,1,0
C:\markor-master\app\src\main\java\net\gsantner\opoc\format\GsTextUtils.java,net.gsantner.opoc.format.GsTextUtils,class,10,33,23,10,75,1,1,46,251,0.9130435,0.0039525693,0.0039525693,23,23,23,0,0,0,23,0,0,0,1,1,1,0,0,0,0,0,23,218,32,6,17,5,8,33,38,43,10,27,4,0,0,0,204,1,0
C:\markor-master\app\thirdparty\java\other\com\vladsch\flexmark\ext\katex\FlexmarkKatexExtension.java,other.com.vladsch.flexmark.ext.katex.FlexmarkKatexExtension$FlexmarkKatexExtensionInternal$KatexNodeRenderer,innerclass,11,11,0,11,4,1,0,9,0,0.5833333,0.0,0.0,4,0,2,2,0,0,2,0,0,0,3,0,0,2,0,1,3,0,0,41,1,0,0,0,0,4,0,4,0,4,0,2,1,0,25,9,0
C:\markor-master\app\thirdparty\java\other\so\AndroidBug5497Workaround.java,other.so.AndroidBug5497Workaround$Anonymous1,anonymous,1,1,0,1,1,1,0,1,0,0.0,NaN,NaN,1,0,1,0,0,0,1,0,0,0,0,0,0,0,0,0,0,0,0,5,0,0,0,0,0,0,0,0,0,0,0,0,0,0,8,-1,0
C:\markor-master\app\src\main\java\net\gsantner\markor\frontend\AttachLinkOrFileDialog.java,net.gsantner.markor.frontend.AttachLinkOrFileDialog,class,24,29,5,24,37,1,0,63,1,0.5,0.0,0.0,2,2,2,0,0,0,2,0,0,0,1,1,1,0,0,0,1,0,5,200,2,2,12,2,3,34,8,47,7,58,4,1,0,14,139,1,0
C:\markor-master\app\src\main\java\net\gsantner\opoc\frontend\textview\TextViewUndoRedo.java,net.gsantner.opoc.frontend.textview.TextViewUndoRedo,class,10,12,2,10,34,1,0,29,0,0.5769231,0.4090909,0.54545456,13,0,12,1,0,0,12,0,0,0,4,0,0,4,0,0,0,0,2,194,11,4,14,0,6,19,14,29,21,22,2,0,3,0,114,1,0
C:\markor-master\app\src\main\java\net\gsantner\markor\frontend\filesearch\FileSearchResultSelectorDialog.java,net.gsantner.markor.frontend.filesearch.FileSearchResultSelectorDialog$Anonymous1,anonymous,4,4,0,4,4,1,0,4,3,0.0,0.0,0.0,3,0,3,0,0,0,3,0,0,0,0,0,0,0,0,0,0,0,1,12,0,0,1,0,0,1,0,3,0,3,0,0,0,0,20,-1,0
C:\markor-master\app\thirdparty\java\other\com\vladsch\flexmark\ext\katex\FlexmarkKatexExtension.java,other.com.vladsch.flexmark.ext.katex.FlexmarkKatexExtension$FlexmarkKatexExtensionInternal,innerclass,3,3,0,3,0,1,0,0,0,0.0,-1.0,-1.0,0,0,0,0,0,0,0,0,0,0,0,0,0,0,0,0,0,0,0,148,0,0,0,0,0,0,0,0,0,0,0,0,4,0,4,9,0
C:\markor-master\app\thirdparty\java\other\writeily\ui\WrConfirmDialog.java,other.writeily.ui.WrConfirmDialog$ConfirmDialogCallback,interface,0,0,0,0,1,1,0,0,0,0.0,NaN,NaN,1,0,0,0,0,1,1,0,0,0,0,0,0,0,0,0,0,0,0,3,0,0,0,0,0,0,0,0,0,0,0,0,0,0,7,1,0
C:\markor-master\app\thirdparty-lib-src\QuadFlask-colorpicker\src\main\java\com\flask\colorpicker\slider\AbsCustomSlider.java,com.flask.colorpicker.slider.AbsCustomSlider,class,9,12,3,9,32,2,2,26,69,0.8095238,0.12087912,0.23076923,14,0,5,0,9,0,14,3,0,0,9,0,0,0,9,0,0,0,2,99,2,0,15,0,3,0,14,27,11,17,3,0,0,0,59,1025,0
C:\markor-master\app\thirdparty\java\other\com\vladsch\flexmark\ext\katex\FlexmarkKatexExtension.java,other.com.vladsch.flexmark.ext.katex.FlexmarkKatexExtension$KatexVisitorExt,innerclass,5,5,0,5,1,1,0,0,0,0.0,NaN,NaN,1,1,1,0,0,0,1,0,0,0,0,0,0,0,0,0,0,0,0,15,1,0,0,0,0,0,0,0,0,0,0,2,0,0,16,9,0
C:\markor-master\app\thirdparty\java\other\com\vladsch\flexmark\ext\katex\FlexmarkKatexExtension.java,other.com.vladsch.flexmark.ext.katex.FlexmarkKatexExtension$KatexExtension,innerclass,12,12,0,12,10,1,0,3,15,1.0,0.0,0.0,6,1,5,1,0,0,5,0,0,0,4,4,4,0,0,0,4,0,0,31,1,0,0,0,0,8,0,5,0,5,1,0,0,0,31,9,0
C:\markor-master\app\thirdparty\java\other\com\vladsch\flexmark\ext\katex\FlexmarkKatexExtension.java,other.com.vladsch.flexmark.ext.katex.FlexmarkKatexExtension$KatexVisitorExt$Anonymous2,anonymous,2,2,0,2,1,1,0,1,0,0.0,NaN,NaN,1,0,1,0,0,0,1,0,0,0,0,0,0,0,0,0,0,0,0,5,0,0,0,0,0,0,0,0,0,0,0,0,0,0,5,-1,0
C:\markor-master\app\src\main\java\net\gsantner\markor\format\csv\CsvSyntaxHighlighter.java,net.gsantner.markor.format.csv.CsvSyntaxHighlighter,class,8,11,3,8,43,3,0,23,14,0.765625,0.0,0.0,8,1,2,5,1,0,3,0,1,0,8,4,0,8,0,0,3,0,10,122,12,4,6,0,0,1,24,37,11,29,5,0,0,0,99,1,0
C:\markor-master\app\thirdparty\java\other\com\vladsch\flexmark\ext\katex\FlexmarkKatexExtension.java,other.com.vladsch.flexmark.ext.katex.FlexmarkKatexExtension$KatexVisitorExt$Anonymous1,anonymous,2,2,0,2,1,1,0,1,0,0.0,NaN,NaN,1,0,1,0,0,0,1,0,0,0,0,0,0,0,0,0,0,0,0,5,0,0,0,0,0,0,0,0,0,0,0,0,0,0,5,-1,0
C:\markor-master\app\src\main\java\net\gsantner\opoc\frontend\textview\TextViewUndoRedo.java,net.gsantner.opoc.frontend.textview.TextViewUndoRedo$EditItem,innerclass,0,0,0,0,1,1,0,0,0,0.0,NaN,NaN,1,0,1,0,0,0,1,0,0,0,3,0,0,3,0,0,3,0,0,10,0,0,0,0,0,0,0,3,0,3,0,0,0,0,30,18,0
C:\markor-master\app\src\main\java\net\gsantner\markor\activity\ActionButtonSettingsActivity.java,net.gsantner.markor.activity.ActionButtonSettingsActivity$Holder,innerclass,7,7,0,7,9,2,0,10,0,0.0,1.0,1.0,4,0,2,2,0,0,2,0,0,0,1,0,0,1,0,0,1,0,0,31,0,0,4,0,2,0,2,2,0,4,2,0,0,1,21,10,0
C:\markor-master\app\src\main\java\net\gsantner\markor\activity\SettingsActivity.java,net.gsantner.markor.activity.SettingsActivity$SettingsFragmentMaster,innerclass,19,19,0,19,43,4,0,46,15,0.8333333,0.0,0.0,6,0,5,0,1,0,6,0,0,0,1,1,1,0,0,0,1,0,9,205,8,1,1,2,1,28,0,11,6,9,2,3,0,0,64,9,0
C:\markor-master\app\thirdparty\java\other\com\vladsch\flexmark\ext\katex\FlexmarkKatexExtension.java,other.com.vladsch.flexmark.ext.katex.FlexmarkKatexExtension$FlexmarkKatexExtensionInternal$KatexNodeRenderer$Factory,innerclass,4,4,0,4,1,1,0,0,0,0.0,NaN,NaN,1,0,1,0,0,0,1,0,0,0,0,0,0,0,0,0,0,0,0,5,1,0,0,0,0,0,0,0,0,0,0,0,0,0,8,9,0
C:\markor-master\app\src\main\java\net\gsantner\markor\activity\SettingsActivity.java,net.gsantner.markor.activity.SettingsActivity$SettingsFragmentMaster$Anonymous3,anonymous,3,3,0,3,2,1,0,4,1,0.0,0.0,0.0,2,0,2,0,0,0,2,0,0,0,0,0,0,0,0,0,0,0,0,11,0,0,0,0,0,0,0,2,0,0,0,0,0,0,15,-1,0
C:\markor-master\app\src\main\java\net\gsantner\markor\activity\SettingsActivity.java,net.gsantner.markor.activity.SettingsActivity$SettingsFragmentMaster$Anonymous2,anonymous,3,3,0,3,2,1,0,4,1,0.0,0.0,0.0,2,0,2,0,0,0,2,0,0,0,0,0,0,0,0,0,0,0,0,11,0,0,0,0,0,0,0,2,0,0,0,0,0,0,15,-1,0
C:\markor-master\app\src\main\java\net\gsantner\markor\frontend\DatetimeFormatDialog.java,net.gsantner.markor.frontend.DatetimeFormatDialog,class,25,29,4,25,24,1,0,72,26,0.8125,0.0,0.0,8,8,2,6,0,0,2,0,0,0,4,4,0,4,0,0,4,0,14,177,7,4,4,1,1,38,11,43,2,66,3,1,0,14,208,1,0
C:\markor-master\app\src\main\java\net\gsantner\markor\frontend\textview\AutoTextFormatter.java,net.gsantner.markor.frontend.textview.AutoTextFormatter$FormatPatterns,innerclass,0,0,0,0,1,1,0,0,0,0.0,NaN,NaN,1,0,1,0,0,0,1,0,0,0,4,0,4,0,0,0,4,0,0,12,0,0,0,0,0,0,0,4,0,4,0,0,0,0,11,9,0
C:\markor-master\app\src\main\java\net\gsantner\markor\util\BackupUtils.java,net.gsantner.markor.util.BackupUtils$Anonymous2,anonymous,5,5,0,5,2,1,0,5,1,0.0,0.0,0.0,2,0,2,0,0,0,2,0,0,0,0,0,0,0,0,0,0,0,4,9,0,0,0,0,0,0,0,2,0,0,0,0,0,0,12,-1,0
C:\markor-master\app\thirdparty-lib-src\QuadFlask-colorpicker\src\main\java\com\flask\colorpicker\renderer\ColorWheelRenderOption.java,com.flask.colorpicker.renderer.ColorWheelRenderOption,class,1,4,3,1,0,1,0,0,0,NaN,-1.0,-1.0,0,0,0,0,0,0,0,0,0,0,4,0,4,0,0,0,0,0,0,6,0,0,0,0,0,0,0,0,0,7,0,0,0,0,10,1,0
C:\markor-master\app\src\main\java\net\gsantner\markor\util\BackupUtils.java,net.gsantner.markor.util.BackupUtils$Anonymous1,anonymous,4,4,0,4,2,1,0,3,1,0.0,0.0,0.0,2,0,2,0,0,0,2,0,0,0,0,0,0,0,0,0,0,0,2,9,0,0,0,0,0,0,0,2,0,0,0,0,0,0,12,-1,0
C:\markor-master\app\src\main\java\net\gsantner\markor\activity\MarkorBaseActivity.java,net.gsantner.markor.activity.MarkorBaseActivity,class,8,16,8,8,9,3,8,16,15,0.0,0.0,0.0,6,0,5,0,1,0,6,0,0,0,0,0,0,0,0,0,0,0,1,30,5,0,0,0,0,1,0,0,0,0,1,0,0,0,31,1025,0
C:\markor-master\app\thirdparty\java\other\writeily\format\WrProportionalHeaderSpanCreator.java,other.writeily.format.WrProportionalHeaderSpanCreator,class,2,5,3,2,2,2,0,0,0,0.0,1.0,1.0,2,0,2,0,0,0,2,0,0,0,1,0,0,1,0,0,1,0,0,27,1,0,0,0,0,0,0,1,0,1,0,0,1,0,11,1,0
C:\markor-master\app\thirdparty\java\other\de\stanetz\jpencconverter\PasswordStore.java,other.de.stanetz.jpencconverter.PasswordStore,class,12,14,2,12,25,1,0,45,0,0.640625,0.8,1.0,8,0,5,3,0,0,5,0,0,0,8,5,0,8,0,0,8,0,7,122,11,0,3,3,0,25,2,28,8,27,2,0,1,0,269,1,0
C:\markor-master\app\src\test\java\net\gsantner\markor\TextViewUtilsTest.java,net.gsantner.markor.TextViewUtilsTest,class,3,3,0,3,1,1,0,3,0,0.0,NaN,NaN,1,0,1,0,0,0,1,0,0,0,0,0,0,0,0,0,0,0,14,18,0,0,0,0,0,28,70,0,0,0,0,0,0,0,8,1,0
C:\markor-master\app\src\main\java\net\gsantner\markor\activity\DocumentEditAndViewFragment.java,net.gsantner.markor.activity.DocumentEditAndViewFragment,class,50,54,4,50,190,4,0,236,93,0.8328174,0.44708994,0.6693122,34,2,25,6,3,0,28,0,0,0,17,3,3,14,0,0,3,0,23,671,52,1,64,1,16,28,42,78,5,70,4,3,0,9,206,1,0
C:\markor-master\app\src\main\java\net\gsantner\markor\format\plaintext\PlaintextSyntaxHighlighter.java,net.gsantner.markor.format.plaintext.PlaintextSyntaxHighlighter,class,2,5,3,2,2,2,0,3,1,0.0,0.0,0.0,2,0,1,0,1,0,2,0,0,0,0,0,0,0,0,0,0,0,0,10,0,0,0,0,0,0,0,0,0,0,0,0,0,0,19,1,0
C:\markor-master\app\thirdparty-lib-src\QuadFlask-colorpicker\src\main\java\com\flask\colorpicker\ColorPickerView.java,com.flask.colorpicker.ColorPickerView$Anonymous2,anonymous,2,2,0,2,4,1,0,2,0,0.0,NaN,NaN,1,0,1,0,0,0,1,0,0,0,0,0,0,0,0,0,0,0,0,8,2,0,2,0,1,0,0,1,0,1,1,0,0,0,11,-1,0
C:\markor-master\app\src\main\java\net\gsantner\opoc\frontend\settings\GsPermissionChecker.java,net.gsantner.opoc.frontend.settings.GsPermissionChecker,class,4,5,1,4,9,1,0,6,8,0.70000005,0.1,0.1,5,0,5,0,0,0,5,0,0,0,2,1,0,0,2,0,1,0,0,33,6,0,1,0,1,2,2,2,0,2,3,0,0,0,41,1,0
C:\markor-master\app\src\test\java\net\gsantner\markor\format\markdown\MarkdownHighlighterPatternStrikethroughTest.java,net.gsantner.markor.format.markdown.MarkdownHighlighterPatternStrikethroughTest,class,2,2,0,2,8,1,0,7,0,0.0,1.0,1.0,8,0,8,0,0,0,8,0,0,0,1,0,0,1,0,0,0,0,0,42,0,0,0,0,0,14,0,8,0,8,0,0,0,0,29,1,0
C:\markor-master\app\src\main\java\net\gsantner\markor\format\ActionButtonBase.java,net.gsantner.markor.format.ActionButtonBase,class,32,41,9,32,181,1,5,167,976,0.92881936,0.07928118,0.16384777,48,5,31,4,13,0,44,2,4,0,12,3,1,6,5,0,4,0,55,651,46,5,21,3,18,39,61,87,29,83,4,1,2,9,300,1025,0
C:\markor-master\app\src\main\java\net\gsantner\markor\frontend\textview\TextViewUtils.java,net.gsantner.markor.frontend.textview.TextViewUtils,class,13,33,20,13,112,2,0,80,666,0.0,0.0,0.0,37,36,36,1,0,0,36,0,0,0,0,0,0,0,0,0,0,0,49,479,45,12,33,0,5,7,76,81,35,67,5,0,1,4,180,17,0
C:\markor-master\app\src\main\java\net\gsantner\markor\format\wikitext\WikitextLinkResolver.java,net.gsantner.markor.format.wikitext.WikitextLinkResolver$Patterns,enum,0,0,0,0,1,1,0,1,0,0.0,NaN,NaN,1,0,0,0,0,1,1,0,0,0,1,0,1,0,0,0,1,0,6,5,0,0,0,0,0,6,0,1,0,1,0,0,0,0,24,1,0
C:\markor-master\app\src\main\java\net\gsantner\markor\activity\openeditor\OpenEditorTodoActivity.java,net.gsantner.markor.activity.openeditor.OpenEditorTodoActivity,class,4,5,1,4,1,5,0,3,0,0.0,NaN,NaN,1,0,0,0,1,0,1,0,0,0,0,0,0,0,0,0,0,0,0,6,0,0,0,0,0,0,0,0,0,0,0,0,0,0,13,1,0
C:\markor-master\app\src\main\java\net\gsantner\markor\frontend\SearchAndReplaceTextDialog.java,net.gsantner.markor.frontend.SearchAndReplaceTextDialog,class,19,21,2,19,35,1,0,65,4,0.70138884,NaN,NaN,9,1,1,8,0,0,1,0,0,0,16,3,0,16,0,0,16,0,13,267,8,5,5,3,1,11,29,55,2,58,3,2,1,6,116,1,0
C:\markor-master\app\thirdparty-lib-src\QuadFlask-colorpicker\src\main\java\com\flask\colorpicker\ColorPickerPreference.java,com.flask.colorpicker.ColorPickerPreference$Anonymous1,anonymous,2,2,0,2,1,1,0,1,0,0.0,NaN,NaN,1,0,1,0,0,0,1,0,0,0,0,0,0,0,0,0,0,0,0,5,0,0,0,0,0,0,0,0,0,0,0,0,0,0,12,-1,0
C:\markor-master\app\src\main\java\net\gsantner\markor\format\plaintext\PlaintextTextConverter.java,net.gsantner.markor.format.plaintext.PlaintextTextConverter,class,9,12,3,9,10,2,1,15,3,0.72222227,0.0,0.0,3,0,1,0,2,0,4,0,0,0,6,6,0,6,0,0,6,0,7,42,5,0,1,0,2,48,0,16,2,12,1,0,0,0,61,1,0
C:\markor-master\app\thirdparty\java\other\writeily\widget\WrWidgetConfigure.java,other.writeily.widget.WrWidgetConfigure,class,10,14,4,10,9,4,0,17,8,0.6666667,0.16666667,0.16666667,5,2,2,1,2,0,4,0,0,0,3,2,0,3,0,0,2,0,3,49,3,0,4,0,0,3,0,8,4,6,1,1,0,0,48,1,0
C:\markor-master\app\thirdparty-lib-src\QuadFlask-colorpicker\src\main\java\com\flask\colorpicker\ColorPickerView.java,com.flask.colorpicker.ColorPickerView$Anonymous1,anonymous,2,2,0,2,4,1,0,3,3,0.0,0.0,0.0,3,0,3,0,0,0,3,0,0,0,0,0,0,0,0,0,0,0,0,14,0,0,0,1,0,0,0,1,0,1,1,0,0,0,15,-1,0
C:\markor-master\app\thirdparty\java\other\writeily\ui\WrRenameDialog.java,other.writeily.ui.WrRenameDialog$Anonymous1,anonymous,2,2,0,2,4,1,0,4,3,0.0,0.0,0.0,3,0,3,0,0,0,3,0,0,0,0,0,0,0,0,0,0,0,0,13,0,0,0,0,1,1,0,1,0,0,1,0,0,0,15,-1,0
C:\markor-master\app\src\main\java\net\gsantner\markor\frontend\textview\AutoTextFormatter.java,net.gsantner.markor.frontend.textview.AutoTextFormatter,class,12,18,6,12,51,3,0,39,13,0.6666667,0.0,0.0,6,3,3,3,0,0,3,0,0,0,1,0,0,1,0,0,1,0,18,279,10,4,6,2,3,8,24,34,10,23,5,0,4,0,109,1,0
C:\markor-master\app\src\test\java\net\gsantner\markor\format\wikitext\WikitextLinkResolverTests.java,net.gsantner.markor.format.wikitext.WikitextLinkResolverTests,class,6,7,1,6,23,1,0,22,166,0.78571427,0.064327486,0.0877193,21,0,19,2,0,0,19,0,0,0,2,0,0,2,0,0,0,0,22,105,0,0,1,1,0,73,0,11,2,11,1,0,0,0,102,1,0
C:\markor-master\app\src\main\java\net\gsantner\markor\format\general\ColorUnderlineSpan.java,net.gsantner.markor.format.general.ColorUnderlineSpan,class,4,5,1,4,5,2,0,5,1,0.5555556,0.33333334,0.33333334,3,0,3,0,0,0,3,0,0,0,3,1,1,2,0,0,3,0,1,21,0,0,1,1,0,3,1,4,0,4,1,0,0,0,42,1,0
C:\markor-master\app\src\main\java\net\gsantner\markor\format\todotxt\TodoTxtAutoTextFormatter.java,net.gsantner.markor.format.todotxt.TodoTxtAutoTextFormatter,class,4,6,2,4,6,1,0,6,1,0.0,NaN,NaN,2,0,1,1,0,0,1,0,0,0,0,0,0,0,0,0,0,0,1,16,3,0,0,1,0,1,0,0,1,0,2,0,0,0,26,1,0
C:\markor-master\app\src\main\java\net\gsantner\markor\util\BackupUtils.java,net.gsantner.markor.util.BackupUtils,class,6,8,2,6,5,2,0,9,3,0.0,0.0,0.0,3,3,3,0,0,0,3,0,0,0,0,0,0,0,0,0,0,0,3,37,1,0,1,0,0,1,0,3,0,5,1,2,0,1,22,1,0
C:\markor-master\app\src\main\java\net\gsantner\markor\util\ShortcutUtils.java,net.gsantner.markor.util.ShortcutUtils,class,9,11,2,9,9,1,0,27,6,0.75,NaN,NaN,4,3,1,3,0,0,1,0,0,0,4,4,0,4,0,0,4,0,8,41,3,1,0,1,2,5,8,16,5,16,2,0,0,0,79,1,0
C:\markor-master\app\src\main\java\net\gsantner\opoc\frontend\GsAudioRecordOmDialog.java,net.gsantner.opoc.frontend.GsAudioRecordOmDialog,class,19,20,1,19,23,1,0,54,1,0.0,0.0,0.0,2,2,2,0,0,0,2,0,0,0,0,0,0,0,0,0,0,0,6,142,2,0,6,3,2,13,9,28,1,34,4,0,0,6,102,1,0
C:\markor-master\app\src\main\java\net\gsantner\markor\activity\openeditor\OpenEditorQuickNoteActivity.java,net.gsantner.markor.activity.openeditor.OpenEditorQuickNoteActivity,class,4,5,1,4,1,5,0,3,0,0.0,NaN,NaN,1,0,0,0,1,0,1,0,0,0,0,0,0,0,0,0,0,0,0,6,0,0,0,0,0,0,0,0,0,0,0,0,0,0,14,1,0
C:\markor-master\app\src\main\java\net\gsantner\opoc\format\GsSimpleMarkdownParser.java,net.gsantner.opoc.format.GsSimpleMarkdownParser$Anonymous3,anonymous,0,0,0,0,1,1,0,1,0,0.0,NaN,NaN,1,0,1,0,0,0,1,0,0,0,0,0,0,0,0,0,0,0,0,6,1,0,0,0,0,22,0,1,0,0,0,0,0,0,4,-1,0
C:\markor-master\app\src\main\java\net\gsantner\opoc\format\GsSimpleMarkdownParser.java,net.gsantner.opoc.format.GsSimpleMarkdownParser$Anonymous2,anonymous,0,0,0,0,2,1,0,3,0,0.0,NaN,NaN,1,0,1,0,0,0,1,0,0,0,0,0,0,0,0,0,0,0,0,9,1,1,0,0,0,37,0,2,0,0,1,0,0,0,17,-1,0
C:\markor-master\app\src\main\java\net\gsantner\opoc\format\GsSimpleMarkdownParser.java,net.gsantner.opoc.format.GsSimpleMarkdownParser$Anonymous1,anonymous,0,0,0,0,2,1,0,3,0,0.0,NaN,NaN,1,0,1,0,0,0,1,0,0,0,0,0,0,0,0,0,0,0,0,8,1,1,0,0,0,37,0,1,0,0,1,0,0,0,13,-1,0
C:\markor-master\app\src\main\java\net\gsantner\opoc\format\GsSimpleMarkdownParser.java,net.gsantner.opoc.format.GsSimpleMarkdownParser$Anonymous5,anonymous,0,0,0,0,1,1,0,0,0,0.0,NaN,NaN,1,0,1,0,0,0,1,0,0,0,0,0,0,0,0,0,0,0,0,5,1,0,0,0,0,0,0,0,0,0,0,0,0,0,2,-1,0
C:\markor-master\app\src\main\java\net\gsantner\markor\frontend\NewFileDialog.java,net.gsantner.markor.frontend.NewFileDialog,class,35,38,3,35,55,2,0,101,20,0.78125,1.0,1.0,8,1,2,6,0,0,2,0,0,0,4,3,3,1,0,0,3,0,9,273,11,1,10,2,2,39,24,58,7,55,4,0,0,8,544,1,0
C:\markor-master\app\src\main\java\net\gsantner\opoc\format\GsSimpleMarkdownParser.java,net.gsantner.opoc.format.GsSimpleMarkdownParser$Anonymous4,anonymous,0,0,0,0,1,1,0,1,0,0.0,NaN,NaN,1,0,1,0,0,0,1,0,0,0,0,0,0,0,0,0,0,0,0,6,1,0,0,0,0,12,0,1,0,0,0,0,0,0,6,-1,0
C:\markor-master\app\src\main\java\net\gsantner\markor\activity\IntroActivity.java,net.gsantner.markor.activity.IntroActivity,class,12,14,2,12,8,2,0,24,19,0.78571427,0.04761905,0.04761905,7,2,3,0,4,0,7,0,0,0,2,2,1,1,0,0,2,0,2,41,2,0,0,0,0,4,1,4,2,4,1,0,0,0,59,1,0
C:\markor-master\app\thirdparty\java\other\com\vladsch\flexmark\ext\katex\FlexmarkKatexExtension.java,other.com.vladsch.flexmark.ext.katex.FlexmarkKatexExtension,class,4,4,0,4,0,3,0,0,0,0.0,-1.0,-1.0,0,0,0,0,0,0,0,0,0,0,0,0,0,0,0,0,0,0,0,280,0,0,0,0,0,0,0,0,0,0,0,0,6,0,3,1,0
C:\markor-master\app\src\test\java\net\gsantner\markor\format\wikitext\WikitextFileTests.java,net.gsantner.markor.format.wikitext.WikitextFileTests$ZimFileHeaderTest,innerclass,1,1,0,1,2,1,0,7,0,0.0,1.0,1.0,2,0,2,0,0,0,2,0,0,0,1,0,0,1,0,0,0,0,0,14,0,0,0,0,0,3,0,4,0,3,0,0,0,0,20,9,0
C:\markor-master\app\src\main\java\net\gsantner\opoc\frontend\filebrowser\GsFileBrowserListAdapter.java,net.gsantner.opoc.frontend.filebrowser.GsFileBrowserListAdapter$Anonymous1,anonymous,4,4,0,4,29,1,0,32,0,0.0,NaN,NaN,1,0,1,0,0,0,1,0,0,0,0,0,0,0,0,0,0,0,4,92,0,3,5,0,1,13,6,10,3,9,5,0,0,1,45,-1,0
C:\markor-master\app\src\main\java\net\gsantner\markor\frontend\filebrowser\MarkorFileBrowserFactory.java,net.gsantner.markor.frontend.filebrowser.MarkorFileBrowserFactory,class,11,20,9,11,11,1,0,18,10,1.0,0.0,0.0,5,5,4,1,0,0,4,0,0,0,4,4,4,0,0,0,0,0,6,65,2,1,5,0,0,4,1,45,0,20,1,0,0,4,43,1,0
C:\markor-master\app\thirdparty-lib-src\QuadFlask-colorpicker\src\main\java\com\flask\colorpicker\builder\ColorPickerClickListener.java,com.flask.colorpicker.builder.ColorPickerClickListener,interface,1,5,4,1,1,1,0,0,0,0.0,NaN,NaN,1,0,0,0,0,1,1,0,0,0,0,0,0,0,0,0,0,0,0,3,0,0,0,0,0,0,0,0,0,0,0,0,0,0,13,1,0
C:\markor-master\app\src\main\java\net\gsantner\opoc\util\GsCollectionUtils.java,net.gsantner.opoc.util.GsCollectionUtils,class,10,14,4,10,39,1,0,33,136,0.0,0.0,0.0,17,17,17,0,0,0,17,0,0,0,0,0,0,0,0,0,0,0,12,121,15,7,10,0,0,0,17,31,0,27,2,0,0,4,105,1,0
C:\markor-master\app\src\main\java\net\gsantner\markor\activity\DocumentShareIntoFragment.java,net.gsantner.markor.activity.DocumentShareIntoFragment$ShareIntoImportOptionsFragment,innerclass,18,18,0,18,50,3,0,67,107,0.8333333,0.21818182,0.27272728,18,1,9,7,2,0,11,0,0,0,4,2,1,3,0,0,2,0,8,236,12,1,8,0,2,15,4,38,3,27,2,2,0,0,121,9,0
C:\markor-master\app\src\main\java\net\gsantner\markor\frontend\textview\AutoTextFormatter.java,net.gsantner.markor.frontend.textview.AutoTextFormatter$ListLine,innerclass,3,3,0,3,14,1,0,8,0,0.5,1.0,1.0,5,0,5,0,0,0,5,0,0,0,7,0,5,0,2,0,7,0,3,32,4,0,5,0,6,0,0,9,4,9,0,0,0,0,25,9,0
C:\markor-master\app\src\main\java\net\gsantner\markor\format\wikitext\WikitextReplacePatternGenerator.java,net.gsantner.markor.format.wikitext.WikitextReplacePatternGenerator,class,5,8,3,5,16,1,0,12,58,0.91666675,0.04761905,0.04761905,12,12,7,5,0,0,7,0,0,0,18,18,11,7,0,0,17,0,22,74,13,1,0,0,0,30,4,25,4,25,1,0,0,0,111,1,0
C:\markor-master\app\thirdparty-lib-src\QuadFlask-colorpicker\src\main\java\com\flask\colorpicker\renderer\ColorWheelRenderer.java,com.flask.colorpicker.renderer.ColorWheelRenderer,interface,2,6,4,2,4,1,0,0,6,1.0,0.0,0.0,4,0,0,0,0,4,4,0,0,0,1,0,0,0,0,1,0,0,0,7,0,0,0,0,0,0,1,1,0,1,0,0,0,0,21,1,0
C:\markor-master\app\src\main\java\net\gsantner\markor\frontend\FileInfoDialog.java,net.gsantner.markor.frontend.FileInfoDialog,class,18,21,3,18,9,2,0,48,8,0.70000005,0.33333334,0.33333334,5,2,3,2,0,0,3,0,0,0,2,2,2,0,0,0,2,0,9,71,6,0,1,0,2,10,3,17,1,22,1,0,0,3,69,1,0
C:\markor-master\app\src\main\java\net\gsantner\markor\activity\SettingsActivity.java,net.gsantner.markor.activity.SettingsActivity$MarkorSettingsFragment,innerclass,8,8,0,8,6,3,0,7,3,0.0,0.0,0.0,3,0,0,0,3,0,3,0,0,0,0,0,0,0,0,0,0,0,1,16,1,0,1,0,2,1,0,1,0,0,2,0,0,0,23,1033,0
C:\markor-master\app\src\main\java\net\gsantner\markor\format\todotxt\TodoTxtFilter.java,net.gsantner.markor.format.todotxt.TodoTxtFilter$TYPE,enum,0,0,0,0,0,1,0,0,0,0.0,-1.0,-1.0,0,0,0,0,0,0,0,0,0,0,0,0,0,0,0,0,0,0,0,1,0,0,0,0,0,0,0,0,0,0,0,0,0,0,7,1,0
C:\markor-master\app\src\main\java\net\gsantner\opoc\util\GsCoolExperimentalStuff.java,net.gsantner.opoc.util.GsCoolExperimentalStuff$Anonymous1,anonymous,0,0,0,0,3,1,0,8,0,0.0,NaN,NaN,1,0,1,0,0,0,1,0,0,0,0,0,0,0,0,0,0,0,2,15,0,1,0,1,0,5,3,1,1,1,2,0,0,0,10,-1,0
C:\markor-master\app\src\main\java\net\gsantner\opoc\format\GsSimpleMarkdownParser.java,net.gsantner.opoc.format.GsSimpleMarkdownParser,class,2,6,4,2,20,1,0,13,0,0.8541667,0.43939394,0.54545456,12,1,12,0,0,0,12,0,0,0,8,6,5,3,0,0,5,0,1,123,11,2,5,2,1,19,2,20,0,11,3,5,1,0,70,1,0
C:\markor-master\app\src\main\java\net\gsantner\markor\format\todotxt\TodoTxtSyntaxHighlighter.java,net.gsantner.markor.format.todotxt.TodoTxtSyntaxHighlighter$ParagraphDividerSpan,innerclass,8,8,0,8,9,1,0,5,1,0.5,0.33333334,0.33333334,3,0,3,0,0,0,3,0,0,0,2,0,0,2,0,0,1,0,0,22,0,0,3,0,2,0,8,6,7,4,1,0,0,0,28,9,0
C:\markor-master\app\src\main\java\net\gsantner\opoc\format\GsSimpleMarkdownParser.java,net.gsantner.opoc.format.GsSimpleMarkdownParser$SmpFilter,interface,0,0,0,0,1,1,0,0,0,0.0,NaN,NaN,1,0,0,0,0,1,1,0,0,0,0,0,0,0,0,0,0,0,0,3,0,0,0,0,0,0,0,0,0,0,0,0,0,0,4,1,0
C:\markor-master\app\src\main\java\net\gsantner\markor\model\Document.java,net.gsantner.markor.model.Document,class,20,34,14,20,98,1,0,90,344,0.9304814,0.19692308,0.3723077,33,9,26,7,0,0,26,0,0,2,17,6,4,13,0,0,8,0,31,321,40,0,19,6,6,48,18,59,8,39,5,0,0,1,156,1,0
C:\markor-master\app\src\main\java\net\gsantner\markor\activity\MainActivity.java,net.gsantner.markor.activity.MainActivity$SectionsPagerAdapter,innerclass,11,11,0,11,6,2,0,10,3,0.0,0.0,0.0,3,0,2,0,0,1,3,0,0,0,0,0,0,0,0,0,0,0,4,26,2,0,3,0,0,0,0,9,0,2,1,0,0,0,24,0,0
C:\markor-master\app\src\main\java\net\gsantner\opoc\frontend\textview\TextViewUndoRedo.java,net.gsantner.opoc.frontend.textview.TextViewUndoRedo$EditHistory,innerclass,2,2,0,2,13,1,0,7,0,0.2777778,-1.0,-1.0,6,0,0,6,0,0,0,0,0,0,3,0,0,3,0,0,1,0,0,49,4,2,1,0,0,0,8,7,0,4,1,0,0,0,80,18,0
C:\markor-master\app\src\test\java\other\writeily\MarkdownHighlighterPatternTest.java,other.writeily.MarkdownHighlighterPatternTest,class,2,3,1,2,4,1,0,6,1,0.5,0.0,0.0,2,1,2,0,0,0,2,0,0,0,1,1,1,0,0,0,0,0,2,15,1,2,0,0,1,56,60,2,0,2,1,0,0,0,19,1,0
C:\markor-master\app\src\main\java\net\gsantner\markor\activity\openeditor\OpenShareIntoActivity.java,net.gsantner.markor.activity.openeditor.OpenShareIntoActivity,class,6,7,1,6,1,5,0,4,0,0.0,NaN,NaN,1,0,0,0,1,0,1,0,0,0,0,0,0,0,0,0,0,0,0,7,0,0,0,0,0,1,1,1,0,1,0,0,0,0,13,1,0
C:\markor-master\app\thirdparty\java\other\writeily\format\markdown\WrMarkdownHeaderSpanCreator.java,other.writeily.format.markdown.WrMarkdownHeaderSpanCreator,class,3,6,3,3,9,1,0,7,0,0.5,1.0,1.0,5,0,2,3,0,0,2,0,0,0,4,2,0,4,0,0,4,0,0,32,5,1,3,0,1,0,5,8,2,7,1,0,0,0,42,1,0
C:\markor-master\app\thirdparty-lib-src\QuadFlask-colorpicker\src\main\java\com\flask\colorpicker\renderer\AbsColorWheelRenderer.java,com.flask.colorpicker.renderer.AbsColorWheelRenderer,class,3,5,2,3,6,1,2,4,2,0.5,0.2,0.3,5,0,3,0,2,0,5,0,0,0,2,0,0,0,2,0,0,0,3,21,4,0,1,0,3,0,4,3,6,2,1,0,0,0,32,1025,0
C:\markor-master\app\src\main\java\net\gsantner\opoc\frontend\filebrowser\GsFileBrowserOptions.java,net.gsantner.opoc.frontend.filebrowser.GsFileBrowserOptions$SelectionListenerAdapter,innerclass,3,3,0,3,6,1,0,0,15,0.0,0.0,0.0,6,0,6,0,0,0,6,0,0,0,0,0,0,0,0,0,0,0,0,14,0,0,0,0,0,0,0,0,0,0,0,0,0,0,32,9,0
C:\markor-master\app\src\test\java\net\gsantner\markor\format\wikitext\WikitextSyntaxHighlighterTests.java,net.gsantner.markor.format.wikitext.WikitextSyntaxHighlighterTests$PatternItalicTest,innerclass,2,2,0,2,15,1,0,7,0,0.0,1.0,1.0,15,0,15,0,0,0,15,0,0,0,1,0,0,1,0,0,0,0,0,74,0,0,0,0,0,25,0,15,0,15,0,0,0,0,37,9,0
C:\markor-master\app\src\main\java\net\gsantner\markor\format\todotxt\TodoTxtActionButtons.java,net.gsantner.markor.format.todotxt.TodoTxtActionButtons,class,29,32,3,29,56,3,0,107,105,0.93333334,0.0,0.0,15,4,6,8,1,0,7,0,0,0,1,1,0,1,0,0,1,0,34,316,20,3,10,1,5,45,28,53,20,63,5,1,1,7,163,1,0
C:\markor-master\app\thirdparty-lib-src\QuadFlask-colorpicker\src\main\java\com\flask\colorpicker\slider\OnValueChangedListener.java,com.flask.colorpicker.slider.OnValueChangedListener,interface,0,1,1,0,1,1,0,0,0,0.0,NaN,NaN,1,0,0,0,0,1,1,0,0,0,0,0,0,0,0,0,0,0,0,3,0,0,0,0,0,0,0,0,0,0,0,0,0,0,6,1,0
C:\markor-master\app\src\main\java\net\gsantner\opoc\wrapper\GsAndroidSpinnerOnItemSelectedAdapter.java,net.gsantner.opoc.wrapper.GsAndroidSpinnerOnItemSelectedAdapter,class,4,5,1,4,3,1,0,1,0,0.0,1.0,1.0,3,0,3,0,0,0,3,0,0,0,1,0,0,1,0,0,1,0,0,12,0,0,0,0,0,0,1,1,0,1,0,0,0,0,15,1,0
C:\markor-master\app\src\main\java\net\gsantner\markor\activity\DocumentShareIntoFragment.java,net.gsantner.markor.activity.DocumentShareIntoFragment,class,13,15,2,13,21,6,0,42,22,0.7916667,0.0952381,0.14285715,8,2,6,1,1,0,7,0,0,0,6,3,3,3,0,0,3,0,4,315,5,0,5,1,2,26,1,21,1,18,2,0,1,1,112,1,0
C:\markor-master\app\src\main\java\net\gsantner\markor\format\todotxt\TodoTxtTextConverter.java,net.gsantner.markor.format.todotxt.TodoTxtTextConverter,class,4,6,2,4,4,2,0,5,6,0.75,0.0,0.0,4,0,1,1,2,0,3,0,0,0,2,2,0,2,0,0,2,0,1,19,4,0,0,0,0,10,0,7,2,5,0,0,0,0,59,1,0
C:\markor-master\app\src\main\java\net\gsantner\markor\format\todotxt\TodoTxtTask.java,net.gsantner.markor.format.todotxt.TodoTxtTask$SttTaskSimpleComparator,innerclass,3,3,0,3,26,1,0,22,26,0.8472222,1.0,1.0,8,0,2,6,0,0,2,0,0,0,9,7,7,2,0,0,9,0,11,99,9,0,4,0,0,9,18,24,1,14,1,0,0,0,42,9,0
C:\markor-master\app\src\main\java\net\gsantner\markor\format\keyvalue\KeyValueTextConverter.java,net.gsantner.markor.format.keyvalue.KeyValueTextConverter,class,1,3,2,1,1,3,0,2,0,0.0,NaN,NaN,1,0,1,0,0,0,1,0,0,0,1,1,0,1,0,0,1,0,1,6,1,0,0,0,0,9,0,1,0,1,0,0,0,0,17,1,0
C:\markor-master\app\src\main\java\net\gsantner\opoc\model\GsSharedPreferencesPropertyBackend.java,net.gsantner.opoc.model.GsSharedPreferencesPropertyBackend,class,11,26,15,11,126,1,1,99,4219,0.9408369,0.06543125,0.08716541,99,6,94,5,0,0,94,0,0,1,7,4,1,1,5,0,3,0,13,406,77,7,4,6,5,16,9,30,4,24,2,0,0,0,149,1,0
C:\markor-master\app\thirdparty-lib-src\QuadFlask-colorpicker\src\main\java\com\flask\colorpicker\OnColorChangedListener.java,com.flask.colorpicker.OnColorChangedListener,interface,0,2,2,0,1,1,0,0,0,0.0,NaN,NaN,1,0,0,0,0,1,1,0,0,0,0,0,0,0,0,0,0,0,0,3,0,0,0,0,0,0,0,0,0,0,0,0,0,0,6,1,0
C:\markor-master\app\src\main\java\net\gsantner\markor\util\MarkorContextUtils.java,net.gsantner.markor.util.MarkorContextUtils,class,17,36,19,17,17,2,0,20,21,0.0,0.0,0.0,7,2,7,0,0,0,7,0,0,0,0,0,0,0,0,0,0,0,3,49,9,0,5,1,1,2,0,6,0,6,1,0,0,0,58,1,0
C:\markor-master\app\thirdparty\java\other\de\stanetz\jpencconverter\PasswordStore.java,other.de.stanetz.jpencconverter.PasswordStore$SecurityMode,enum,0,0,0,0,0,1,0,0,0,0.0,-1.0,-1.0,0,0,0,0,0,0,0,0,0,0,0,0,0,0,0,0,0,0,0,2,0,0,0,0,0,0,0,0,0,0,0,0,0,0,115,1,0
C:\markor-master\app\thirdparty\java\other\writeily\ui\WrRenameDialog.java,other.writeily.ui.WrRenameDialog,class,20,22,2,20,15,2,0,46,9,0.7,0.33333334,0.33333334,6,2,3,3,0,0,3,0,0,0,5,2,2,3,0,0,2,0,2,99,5,0,3,0,2,2,0,24,0,23,4,1,0,2,72,1,0
C:\markor-master\app\thirdparty-lib-src\QuadFlask-colorpicker\src\main\java\com\flask\colorpicker\ColorPickerPreference.java,com.flask.colorpicker.ColorPickerPreference,class,14,16,2,14,22,2,0,44,24,0.76543206,0.10714286,0.10714286,9,1,5,1,3,0,8,0,0,0,9,0,0,3,6,0,0,0,7,87,1,0,5,1,3,3,11,26,3,19,3,1,0,0,75,1,0
C:\markor-master\app\src\main\java\net\gsantner\markor\format\asciidoc\AsciidocSyntaxHighlighter.java,net.gsantner.markor.format.asciidoc.AsciidocSyntaxHighlighter,class,6,7,1,6,32,2,0,20,1,0.7450983,0.33333334,0.33333334,3,0,2,0,1,0,3,0,0,0,85,81,34,51,0,0,81,0,34,154,1,0,0,0,0,53,0,86,0,85,1,0,0,0,76,1,0
C:\markor-master\app\src\main\java\net\gsantner\opoc\util\GsContextUtils.java,net.gsantner.opoc.util.GsContextUtils$Anonymous1,anonymous,2,2,0,2,4,1,0,3,0,0.0,NaN,NaN,1,0,1,0,0,0,1,0,0,0,0,0,0,0,0,0,0,0,0,14,0,0,1,1,0,0,0,0,0,0,2,0,0,0,11,-1,0
C:\markor-master\app\src\main\java\net\gsantner\markor\web\MarkorWebViewClient.java,net.gsantner.markor.web.MarkorWebViewClient,class,9,10,1,9,11,3,0,14,0,0.0,1.0,1.0,2,0,2,0,0,0,2,0,0,0,1,0,0,0,1,0,1,0,3,42,4,1,0,1,1,11,0,8,2,7,4,0,0,0,31,1,0
C:\markor-master\app\src\main\java\net\gsantner\markor\frontend\filesearch\FileSearchResultSelectorDialog.java,net.gsantner.markor.frontend.filesearch.FileSearchResultSelectorDialog,class,16,18,2,16,22,1,0,48,3,0.0,NaN,NaN,3,3,1,2,0,0,1,0,0,0,0,0,0,0,0,0,0,0,2,196,6,2,7,1,2,2,7,21,2,35,3,1,1,5,65,1,0
C:\markor-master\app\thirdparty-lib-src\QuadFlask-colorpicker\src\main\java\com\flask\colorpicker\ColorPickerView.java,com.flask.colorpicker.ColorPickerView$WHEEL_TYPE,enum,1,1,0,1,3,1,0,0,0,0.0,NaN,NaN,1,1,1,0,0,0,1,0,0,0,0,0,0,0,0,0,0,0,0,10,3,0,0,0,0,0,2,0,0,0,1,0,0,0,16,1,0
C:\markor-master\app\src\main\java\net\gsantner\markor\frontend\filesearch\FileSearchDialog.java,net.gsantner.markor.frontend.filesearch.FileSearchDialog$Anonymous1,anonymous,2,2,0,2,2,1,0,4,1,0.0,0.0,0.0,2,0,2,0,0,0,2,0,0,0,0,0,0,0,0,0,0,0,0,10,0,0,0,0,0,0,0,1,0,1,0,0,0,0,9,-1,0
C:\markor-master\app\thirdparty\java\other\so\AndroidBug5497Workaround.java,other.so.AndroidBug5497Workaround,class,7,10,3,7,6,1,0,10,0,0.25,NaN,NaN,4,1,1,3,0,0,1,0,0,0,3,0,0,3,0,0,0,0,0,39,1,0,1,0,2,1,2,10,4,8,2,1,0,0,30,1,0
C:\markor-master\app\src\main\java\net\gsantner\markor\frontend\SearchAndReplaceTextDialog.java,net.gsantner.markor.frontend.SearchAndReplaceTextDialog$ReplaceGroup,innerclass,2,2,0,2,7,1,0,6,2,0.5,0.4,0.6,5,1,5,0,0,0,5,0,0,0,8,4,4,4,0,0,8,0,1,42,5,0,0,2,2,7,0,9,0,9,1,0,0,0,42,10,0
C:\markor-master\app\thirdparty-lib-src\QuadFlask-colorpicker\src\main\java\com\flask\colorpicker\Utils.java,com.flask.colorpicker.Utils,class,2,9,7,2,8,1,0,7,15,0.0,0.0,0.0,6,6,6,0,0,0,6,0,0,0,0,0,0,0,0,0,0,0,3,27,6,0,0,0,2,2,10,5,3,4,0,0,0,0,31,1,0
C:\markor-master\app\src\test\java\net\gsantner\markor\format\wikitext\WikitextReplacePatternGeneratorTests.java,net.gsantner.markor.format.wikitext.WikitextReplacePatternGeneratorTests$VariousTests,innerclass,4,4,0,4,24,1,0,13,30,0.65625,0.26923078,0.26923078,16,0,13,3,0,0,13,0,0,0,2,0,0,2,0,0,0,0,8,101,2,7,0,0,0,54,3,27,7,18,2,0,0,0,80,9,0
C:\markor-master\app\src\main\java\net\gsantner\opoc\wrapper\GsTextWatcherAdapter.java,net.gsantner.opoc.wrapper.GsTextWatcherAdapter,class,6,12,6,6,6,1,0,0,15,0.0,0.0,0.0,6,3,6,0,0,0,6,0,0,0,0,0,0,0,0,0,0,0,0,32,3,0,0,0,0,2,0,0,0,0,0,3,0,0,14,1,0
C:\markor-master\app\src\main\java\net\gsantner\markor\frontend\filesearch\FileSearchEngine.java,net.gsantner.markor.frontend.filesearch.FileSearchEngine$QueueSearchFilesTask,innerclass,13,13,0,13,89,2,0,81,10,0.79679143,0.17857143,0.35714287,17,0,3,9,5,0,8,0,0,0,11,0,0,11,0,0,6,0,10,300,20,6,15,9,5,20,20,57,12,44,5,1,0,2,129,9,0
C:\markor-master\app\src\main\java\net\gsantner\markor\activity\SettingsActivity.java,net.gsantner.markor.activity.SettingsActivity$RESULT,innerclass,0,0,0,0,0,1,0,0,0,NaN,-1.0,-1.0,0,0,0,0,0,0,0,0,0,0,3,3,3,0,0,0,3,0,0,5,0,0,0,0,0,1,3,3,0,3,0,0,0,0,15,9,0
C:\markor-master\app\src\main\java\net\gsantner\markor\format\ActionButtonBase.java,net.gsantner.markor.format.ActionButtonBase$Anonymous1$Anonymous2,anonymous,3,3,0,3,4,1,0,6,0,0.0,NaN,NaN,1,0,1,0,0,0,1,0,0,0,0,0,0,0,0,0,0,0,1,25,0,0,0,0,0,4,2,2,4,2,1,0,0,0,13,-1,0
C:\markor-master\app\src\test\java\net\gsantner\markor\format\wikitext\WikitextSyntaxHighlighterTests.java,net.gsantner.markor.format.wikitext.WikitextSyntaxHighlighterTests$PatternCheckListTests,innerclass,2,2,0,2,8,1,0,9,1,0.2857143,0.6666667,0.6666667,7,0,6,1,0,0,6,0,0,0,1,0,0,1,0,0,0,0,0,42,0,1,0,0,0,15,0,12,1,8,1,0,0,0,39,9,0
C:\markor-master\app\src\main\java\net\gsantner\markor\format\ActionButtonBase.java,net.gsantner.markor.format.ActionButtonBase$Anonymous1,anonymous,2,2,0,2,1,1,0,9,0,0.0,NaN,NaN,1,0,1,0,0,0,1,0,0,0,0,0,0,0,0,0,0,0,1,30,0,0,0,0,0,0,1,0,0,0,0,1,0,0,9,-1,0
C:\markor-master\app\thirdparty-lib-src\QuadFlask-colorpicker\src\main\java\com\flask\colorpicker\OnColorSelectedListener.java,com.flask.colorpicker.OnColorSelectedListener,interface,0,2,2,0,1,1,0,0,0,0.0,NaN,NaN,1,0,0,0,0,1,1,0,0,0,0,0,0,0,0,0,0,0,0,3,0,0,0,0,0,0,0,0,0,0,0,0,0,0,6,1,0
C:\markor-master\app\thirdparty-lib-src\QuadFlask-colorpicker\src\main\java\com\flask\colorpicker\builder\ColorWheelRendererBuilder.java,com.flask.colorpicker.builder.ColorWheelRendererBuilder,class,4,6,2,4,3,1,0,0,0,0.0,NaN,NaN,1,1,1,0,0,0,1,0,0,0,0,0,0,0,0,0,0,0,0,11,2,0,0,0,0,1,0,0,0,0,1,0,0,0,12,1,0
C:\markor-master\app\thirdparty\java\other\com\vladsch\flexmark\ext\katex\FlexmarkKatexExtension.java,other.com.vladsch.flexmark.ext.katex.FlexmarkKatexExtension$FlexmarkKatexExtensionInternal$KatexOptions,innerclass,3,3,0,3,2,1,0,2,0,0.0,1.0,1.0,2,0,2,0,0,0,2,0,0,0,4,0,4,0,0,0,4,0,0,19,1,0,0,0,0,0,0,4,0,4,0,0,0,0,15,9,0
C:\markor-master\app\src\main\java\net\gsantner\opoc\frontend\filebrowser\GsFileBrowserOptions.java,net.gsantner.opoc.frontend.filebrowser.GsFileBrowserOptions$SelectionListener,interface,2,2,0,2,6,1,0,0,15,0.0,0.0,0.0,6,0,0,0,0,6,6,0,0,0,0,0,0,0,0,0,0,0,0,8,0,0,0,0,0,0,0,0,0,0,0,0,0,0,31,1,0
C:\markor-master\app\src\test\java\net\gsantner\markor\format\markdown\MarkdownHighlighterPatternListTest.java,net.gsantner.markor.format.markdown.MarkdownHighlighterPatternListTest,class,2,2,0,2,12,1,0,7,0,0.0,1.0,1.0,12,0,12,0,0,0,12,0,0,0,1,0,0,1,0,0,0,0,0,56,0,0,0,0,0,17,0,12,0,12,0,0,0,0,29,1,0
C:\markor-master\app\src\test\java\net\gsantner\markor\format\wikitext\WikitextSyntaxHighlighterTests.java,net.gsantner.markor.format.wikitext.WikitextSyntaxHighlighterTests$PatternOverallTests,innerclass,1,1,0,1,21,1,0,6,0,0.0,1.0,1.0,16,0,16,0,0,0,16,0,0,0,1,0,0,1,0,0,0,0,0,113,0,5,0,0,0,52,2,37,2,22,1,0,0,0,79,9,0
C:\markor-master\app\src\main\java\net\gsantner\markor\frontend\filesearch\FileSearchEngine.java,net.gsantner.markor.frontend.filesearch.FileSearchEngine,class,8,11,3,8,5,2,0,11,3,0.77777773,0.0,0.0,3,3,2,1,0,0,2,0,0,0,6,6,4,2,0,0,6,0,2,352,2,0,1,0,0,4,2,7,0,7,1,0,3,0,29,1,0
C:\markor-master\app\src\main\java\net\gsantner\opoc\frontend\filebrowser\GsFileBrowserDialog.java,net.gsantner.opoc.frontend.filebrowser.GsFileBrowserDialog,class,22,25,3,22,43,2,0,48,1,0.78461546,0.28787878,0.54545456,15,1,12,3,0,0,12,0,0,0,13,1,2,11,0,0,1,0,1,163,4,1,13,0,1,2,1,22,0,20,1,0,0,0,105,1,0
C:\markor-master\app\src\main\java\net\gsantner\opoc\frontend\base\GsPreferenceFragmentBase.java,net.gsantner.opoc.frontend.base.GsPreferenceFragmentBase,class,36,43,7,36,113,3,0,88,888,0.9308642,0.034843206,0.077816494,45,0,29,3,13,0,42,3,0,2,9,1,1,3,4,1,4,0,0,394,35,7,33,1,6,6,28,57,2,50,6,0,1,4,216,1025,0
C:\markor-master\app\src\test\java\net\gsantner\markor\format\wikitext\WikitextReplacePatternGeneratorTests.java,net.gsantner.markor.format.wikitext.WikitextReplacePatternGeneratorTests,class,0,0,0,0,0,1,0,0,0,0.0,-1.0,-1.0,0,0,0,0,0,0,0,0,0,0,0,0,0,0,0,0,0,0,0,103,0,0,0,0,0,0,0,0,0,0,0,0,1,0,5,1,0
C:\markor-master\app\thirdparty\java\other\writeily\format\wikitext\WrWikitextHeaderSpanCreator.java,other.writeily.format.wikitext.WrWikitextHeaderSpanCreator,class,4,6,2,4,6,1,0,10,2,0.6666667,1.0,1.0,4,0,2,2,0,0,2,0,0,0,6,4,0,6,0,0,6,0,0,29,3,1,0,0,1,0,4,11,2,10,1,0,0,0,50,1,0
C:\markor-master\app\src\main\java\net\gsantner\opoc\frontend\base\GsFragmentBase.java,net.gsantner.opoc.frontend.base.GsFragmentBase,class,18,25,7,18,34,2,0,37,167,0.9298246,0.013071896,0.013071896,19,0,13,1,5,0,18,2,0,1,6,0,0,1,5,0,0,0,0,111,12,1,5,1,0,8,3,13,0,12,3,0,0,2,143,1025,0
C:\markor-master\app\src\main\java\net\gsantner\opoc\util\GsBackupUtils.java,net.gsantner.opoc.util.GsBackupUtils,class,10,14,4,10,38,1,1,61,13,0.77777773,0.06666667,0.06666667,6,6,6,0,0,0,6,0,0,0,3,3,0,1,2,0,3,0,10,135,5,9,1,2,8,22,4,31,3,30,7,0,0,0,132,1,0
C:\markor-master\app\src\test\java\net\gsantner\markor\format\wikitext\WikitextSyntaxHighlighterTests.java,net.gsantner.markor.format.wikitext.WikitextSyntaxHighlighterTests,class,0,0,0,0,0,1,0,0,0,0.0,-1.0,-1.0,0,0,0,0,0,0,0,0,0,0,0,0,0,0,0,0,0,0,0,409,0,0,0,0,0,0,0,0,0,0,0,0,8,0,4,1,0
C:\markor-master\app\src\main\java\net\gsantner\opoc\frontend\filebrowser\GsFileBrowserListAdapter.java,net.gsantner.opoc.frontend.filebrowser.GsFileBrowserListAdapter$StringFilter,innerclass,3,3,0,3,6,2,0,12,0,0.4166667,0.0,0.0,3,0,0,1,2,0,2,0,0,0,4,0,1,3,0,0,3,0,2,36,1,1,1,0,0,2,1,9,0,5,3,0,0,0,22,10,0
C:\markor-master\app\src\main\java\net\gsantner\markor\frontend\textview\AutoTextFormatter.java,net.gsantner.markor.frontend.textview.AutoTextFormatter$UnOrderedOrCheckListLine,innerclass,2,2,0,2,4,2,0,5,0,0.0,NaN,NaN,1,0,1,0,0,0,1,0,0,0,6,3,3,3,0,0,6,0,0,26,0,0,0,0,0,2,4,15,3,12,1,0,0,0,53,9,0
C:\markor-master\app\src\main\java\net\gsantner\opoc\wrapper\GsMenuItemDummy.java,net.gsantner.opoc.wrapper.GsMenuItemDummy$Menu,innerclass,8,8,0,8,24,1,0,1,276,0.0,0.0,0.0,24,0,24,0,0,0,24,0,0,0,0,0,0,0,0,0,0,0,0,66,16,0,0,0,0,3,11,0,0,0,0,0,0,0,50,9,0
C:\markor-master\app\src\main\java\net\gsantner\opoc\frontend\filebrowser\GsFileBrowserOptions.java,net.gsantner.opoc.frontend.filebrowser.GsFileBrowserOptions,class,1,1,0,1,0,1,0,0,0,0.0,-1.0,-1.0,0,0,0,0,0,0,0,0,0,0,0,0,0,0,0,0,0,0,0,54,0,0,0,0,0,2,0,0,0,0,0,0,3,0,4,1,0
C:\markor-master\app\src\main\java\net\gsantner\opoc\web\GsWebViewChromeClient.java,net.gsantner.opoc.web.GsWebViewChromeClient,class,8,9,1,8,16,2,0,15,0,0.22222222,1.0,1.0,3,0,3,0,0,0,3,0,0,0,6,1,1,5,0,0,3,0,0,52,3,0,9,0,2,3,0,9,0,8,1,0,0,0,68,1,0
C:\markor-master\app\src\test\java\net\gsantner\opoc\format\GsTextUtilsTest.java,net.gsantner.opoc.format.GsTextUtilsTest,class,3,3,0,3,4,1,0,3,0,0.375,1.0,1.0,4,0,4,0,0,0,4,0,0,0,2,0,0,0,0,2,0,0,4,24,0,0,0,0,0,10,8,10,0,10,0,0,0,0,26,1,0
C:\markor-master\app\src\main\java\net\gsantner\markor\format\ActionButtonBase.java,net.gsantner.markor.format.ActionButtonBase$ActionItem,innerclass,3,3,0,3,3,1,0,0,0,0.0,NaN,NaN,1,0,1,0,0,0,1,0,0,0,4,0,4,0,0,0,0,0,0,13,0,0,1,0,0,0,2,4,0,4,0,0,1,0,15,9,0
C:\markor-master\app\src\main\java\net\gsantner\opoc\frontend\GsSearchOrCustomTextDialog.java,net.gsantner.opoc.frontend.GsSearchOrCustomTextDialog$Adapter,innerclass,17,17,0,17,27,2,0,35,0,0.6428572,0.46666667,0.6666667,7,0,6,1,0,0,6,0,0,0,8,0,0,8,0,0,7,0,2,87,4,1,10,0,4,2,13,19,0,17,3,0,0,0,56,9,0
C:\markor-master\app\src\main\java\net\gsantner\opoc\frontend\filebrowser\GsFileBrowserFragment.java,net.gsantner.opoc.frontend.filebrowser.GsFileBrowserFragment$Anonymous1,anonymous,9,9,0,9,9,1,0,18,1,0.33333334,0.0,0.0,3,0,3,0,0,0,3,0,0,0,1,0,0,1,0,0,0,0,2,28,0,1,2,0,1,2,0,7,0,5,2,0,0,1,35,-1,0
C:\markor-master\app\src\main\java\net\gsantner\opoc\frontend\filebrowser\GsFileBrowserFragment.java,net.gsantner.opoc.frontend.filebrowser.GsFileBrowserFragment$Anonymous2,anonymous,2,2,0,2,4,1,0,2,3,0.0,0.0,0.0,3,0,3,0,0,0,3,0,0,0,0,0,0,0,0,0,0,0,0,18,0,1,0,0,0,0,0,4,0,0,1,0,0,0,18,-1,0
C:\markor-master\app\src\test\java\net\gsantner\markor\format\wikitext\WikitextSyntaxHighlighterTests.java,net.gsantner.markor.format.wikitext.WikitextSyntaxHighlighterTests$PatternOrderedListTest,innerclass,2,2,0,2,4,1,0,6,0,0.0,1.0,1.0,4,0,4,0,0,0,4,0,0,0,1,0,0,1,0,0,0,0,0,21,0,0,0,0,0,6,0,4,0,4,0,0,0,0,14,9,0
C:\markor-master\app\src\main\java\net\gsantner\markor\format\todotxt\TodoTxtActionButtons.java,net.gsantner.markor.format.todotxt.TodoTxtActionButtons$DateFragment,innerclass,8,8,0,8,16,2,0,10,39,0.8181819,0.14545454,0.6545454,11,0,11,0,0,0,11,0,0,0,8,0,0,8,0,0,0,0,1,63,10,0,3,0,0,0,0,9,0,9,1,0,0,0,46,9,0
C:\markor-master\app\thirdparty\java\other\writeily\model\WrMarkorSingleton.java,other.writeily.model.WrMarkorSingleton,class,9,12,3,9,57,1,0,39,103,0.9,0.018181818,0.018181818,15,1,11,4,0,0,11,0,0,0,2,2,0,2,0,0,0,0,7,169,17,7,15,1,5,5,11,30,0,22,5,0,1,2,81,1,0
C:\markor-master\app\thirdparty\java\other\writeily\ui\WrConfirmDialog.java,other.writeily.ui.WrConfirmDialog,class,7,9,2,7,8,2,0,16,0,0.5714286,0.6666667,1.0,3,1,3,0,0,0,3,0,0,0,7,4,2,5,0,0,4,0,0,54,2,2,2,0,0,4,0,11,0,16,4,0,1,2,45,1,0
C:\markor-master\app\src\test\java\net\gsantner\markor\format\markdown\MarkdownHighlighterPatternBoldTest.java,net.gsantner.markor.format.markdown.MarkdownHighlighterPatternBoldTest,class,2,2,0,2,17,1,0,7,0,0.0,1.0,1.0,17,0,17,0,0,0,17,0,0,0,1,0,0,1,0,0,0,0,0,83,0,0,0,0,0,27,0,17,0,17,0,0,0,0,45,1,0
C:\markor-master\app\src\main\java\net\gsantner\opoc\frontend\filebrowser\GsFileBrowserFragment.java,net.gsantner.opoc.frontend.filebrowser.GsFileBrowserFragment$Anonymous3,anonymous,0,0,0,0,2,1,0,5,0,0.0,NaN,NaN,1,0,1,0,0,0,1,0,0,0,0,0,0,0,0,0,0,0,1,9,0,0,0,0,1,0,2,0,1,0,1,0,0,1,7,-1,0
C:\markor-master\app\src\test\java\net\gsantner\markor\format\wikitext\WikitextFileTests.java,net.gsantner.markor.format.wikitext.WikitextFileTests$GeneratorTests,innerclass,2,2,0,2,1,1,0,10,0,0.0,NaN,NaN,1,0,1,0,0,0,1,0,0,0,0,0,0,0,0,0,0,0,4,14,0,0,0,0,0,14,5,6,1,6,0,0,0,0,26,9,0
C:\markor-master\app\src\main\java\net\gsantner\opoc\wrapper\GsHashMap.java,net.gsantner.opoc.wrapper.GsHashMap,class,3,6,3,3,18,1,0,12,0,0.3125,0.85714287,1.0,8,0,8,0,0,0,8,0,0,0,2,0,0,2,0,0,1,0,1,50,7,3,4,0,0,4,8,9,3,4,3,0,0,0,28,1,0
C:\markor-master\app\src\test\java\other\de\stanetz\jpencconverter\cryption\JavaPasswordbasedCryptionTest.java,other.de.stanetz.jpencconverter.cryption.JavaPasswordbasedCryptionTest,class,5,6,1,5,7,1,0,11,0,0.4,0.33333334,0.33333334,5,0,3,2,0,0,3,0,0,0,2,1,0,2,0,0,1,0,4,40,0,2,0,0,0,5,0,13,0,12,1,0,0,0,39,1,0
C:\markor-master\app\src\main\java\net\gsantner\markor\activity\openeditor\OpenFromShortcutOrWidgetActivity.java,net.gsantner.markor.activity.openeditor.OpenFromShortcutOrWidgetActivity,class,7,13,6,7,5,4,0,10,3,0.0,0.0,0.0,3,0,0,1,2,0,2,0,0,0,0,0,0,0,0,0,0,0,2,23,0,0,1,0,0,0,0,2,0,2,1,0,0,0,47,1,0
C:\markor-master\app\src\main\java\net\gsantner\markor\format\csv\CsvConfig.java,net.gsantner.markor.format.csv.CsvConfig,class,3,5,2,3,6,1,0,6,6,0.76,0.33333334,0.5,5,2,4,1,0,0,4,0,0,0,5,3,3,2,0,0,5,0,3,26,4,0,1,0,0,0,3,8,0,8,0,0,0,0,47,1,0
C:\markor-master\app\src\main\java\net\gsantner\markor\frontend\filesearch\FileSearchEngine.java,net.gsantner.markor.frontend.filesearch.FileSearchEngine$SearchOptions,innerclass,1,1,0,1,0,1,0,0,0,NaN,-1.0,-1.0,0,0,0,0,0,0,0,0,0,0,11,0,11,0,0,0,0,0,0,13,0,0,0,0,0,0,1,3,0,11,0,0,0,0,27,9,0
C:\markor-master\app\src\test\java\net\gsantner\markor\format\wikitext\WikitextFileTests.java,net.gsantner.markor.format.wikitext.WikitextFileTests,class,0,0,0,0,0,1,0,0,0,0.0,-1.0,-1.0,0,0,0,0,0,0,0,0,0,0,0,0,0,0,0,0,0,0,0,30,0,0,0,0,0,0,0,0,0,0,0,0,2,0,3,1,0
C:\markor-master\app\src\main\java\net\gsantner\markor\format\asciidoc\AsciidocActionButtons.java,net.gsantner.markor.format.asciidoc.AsciidocActionButtons,class,13,16,3,13,68,2,0,36,21,0.0,0.0,0.0,7,0,3,2,2,0,5,0,0,0,0,0,0,0,0,0,0,0,17,280,32,0,2,0,5,117,10,13,29,13,3,0,0,1,58,1,0
C:\markor-master\app\src\main\java\net\gsantner\markor\frontend\textview\SyntaxHighlighterBase.java,net.gsantner.markor.frontend.textview.SyntaxHighlighterBase$HighlightSpan,innerclass,6,6,0,6,20,2,0,15,15,0.6999999,0.33333334,0.8,10,0,10,0,0,0,10,0,0,0,7,0,7,0,0,0,0,0,0,66,9,0,9,0,2,0,3,15,1,7,1,0,0,0,38,9,0
C:\markor-master\app\src\main\java\net\gsantner\markor\frontend\SearchAndReplaceTextDialog.java,net.gsantner.markor.frontend.SearchAndReplaceTextDialog$Anonymous1,anonymous,6,6,0,6,3,1,0,6,0,0.0,NaN,NaN,1,0,1,0,0,0,1,0,0,0,0,0,0,0,0,0,0,0,1,11,1,0,0,0,0,1,1,3,0,3,1,0,0,0,10,-1,0
C:\markor-master\app\src\main\java\net\gsantner\markor\frontend\textview\SyntaxHighlighterBase.java,net.gsantner.markor.frontend.textview.SyntaxHighlighterBase,class,24,37,13,24,75,2,6,55,489,0.8987856,0.1308677,0.17069702,38,1,19,0,19,0,38,1,20,8,13,2,0,5,8,0,6,0,5,328,25,7,11,1,2,4,26,38,6,35,4,1,3,7,184,1025,0
C:\markor-master\app\thirdparty\java\other\writeily\widget\WrWidgetConfigure.java,other.writeily.widget.WrWidgetConfigure$Anonymous1,anonymous,5,5,0,5,2,1,0,6,1,0.0,0.0,0.0,2,0,2,0,0,0,2,0,0,0,0,0,0,0,0,0,0,0,2,11,0,0,0,0,0,0,0,2,0,0,0,0,0,0,16,-1,0
C:\markor-master\app\src\main\java\net\gsantner\markor\format\wikitext\WikitextSyntaxHighlighter.java,net.gsantner.markor.format.wikitext.WikitextSyntaxHighlighter$Colors,innerclass,0,0,0,0,0,1,0,0,0,NaN,-1.0,-1.0,0,0,0,0,0,0,0,0,0,0,11,11,0,11,0,0,11,0,0,13,0,0,0,0,0,0,9,11,0,11,0,0,0,0,31,9,0
C:\markor-master\app\src\main\java\net\gsantner\markor\frontend\SearchAndReplaceTextDialog.java,net.gsantner.markor.frontend.SearchAndReplaceTextDialog$Anonymous2,anonymous,2,2,0,2,3,1,0,1,3,0.0,0.0,0.0,3,0,3,0,0,0,3,0,0,0,0,0,0,0,0,0,0,0,0,9,0,0,0,0,0,0,0,0,0,0,0,0,0,0,13,-1,0
C:\markor-master\app\src\test\java\net\gsantner\markor\format\wikitext\WikitextSyntaxHighlighterTests.java,net.gsantner.markor.format.wikitext.WikitextSyntaxHighlighterTests$PatternListTest,innerclass,2,2,0,2,10,1,0,7,0,0.0,1.0,1.0,10,0,10,0,0,0,10,0,0,0,1,0,0,1,0,0,0,0,0,45,0,0,0,0,0,12,0,10,0,10,0,0,0,0,24,9,0
C:\markor-master\app\src\main\java\net\gsantner\markor\format\wikitext\WikitextSyntaxHighlighter.java,net.gsantner.markor.format.wikitext.WikitextSyntaxHighlighter,class,5,7,2,5,8,2,0,20,4,0.77142847,0.33333334,0.33333334,5,0,2,2,1,0,3,0,0,0,28,24,24,4,0,0,24,0,20,96,1,0,0,0,0,23,4,33,1,28,1,0,1,0,85,1,0
C:\markor-master\app\thirdparty\java\other\com\vladsch\flexmark\ext\katex\FlexmarkKatexExtension.java,other.com.vladsch.flexmark.ext.katex.FlexmarkKatexExtension$FlexmarkKatexExtensionInternal$KatexInlineMathParser,innerclass,6,6,0,6,6,1,0,16,6,0.75,0.0,0.0,4,0,4,0,0,0,4,0,0,0,2,0,0,1,0,1,1,0,1,43,2,0,2,0,0,1,3,7,0,7,2,0,1,0,33,9,0
C:\markor-master\app\src\main\java\net\gsantner\markor\activity\StoragePermissionActivity.java,net.gsantner.markor.activity.StoragePermissionActivity,class,8,12,4,8,9,4,0,18,13,0.6666667,0.0,0.0,6,1,3,2,1,0,4,0,0,0,1,0,0,1,0,0,1,0,0,41,1,0,0,0,0,0,1,2,0,6,1,0,0,2,32,1,0
C:\markor-master\app\thirdparty\java\other\writeily\format\WrProportionalHeaderSpanCreator.java,other.writeily.format.WrProportionalHeaderSpanCreator$LargerHeaderSpan,innerclass,4,4,0,4,3,2,0,4,0,0.0,1.0,1.0,3,0,3,0,0,0,3,0,0,0,2,0,0,0,0,2,2,0,0,18,0,0,0,0,0,0,0,2,2,2,0,0,0,0,17,9,0
C:\markor-master\app\src\main\java\net\gsantner\markor\activity\MoreInfoFragment.java,net.gsantner.markor.activity.MoreInfoFragment,class,13,15,2,13,41,3,0,47,28,0.875,0.0,0.0,8,1,6,0,2,0,8,0,0,1,1,1,1,0,0,0,1,0,5,152,20,1,8,4,18,45,9,29,11,14,3,0,0,0,75,1,0
C:\markor-master\app\src\main\java\net\gsantner\markor\format\todotxt\TodoTxtFilter.java,net.gsantner.markor.format.todotxt.TodoTxtFilter,class,12,15,3,12,83,1,0,66,124,0.8872549,0.054545455,0.054545455,17,17,11,6,0,0,11,0,0,0,12,12,9,3,0,0,12,0,33,289,25,10,40,4,0,42,15,66,5,49,3,0,2,1,112,1,0
C:\markor-master\app\src\main\java\net\gsantner\markor\format\plaintext\PlaintextActionButtons.java,net.gsantner.markor.format.plaintext.PlaintextActionButtons,class,7,9,2,7,4,2,0,3,6,0.0,0.0,0.0,4,0,2,0,2,0,4,0,0,0,0,0,0,0,0,0,0,0,2,15,2,0,0,0,0,0,0,1,0,1,0,0,0,0,26,1,0
C:\markor-master\app\src\main\java\net\gsantner\markor\format\binary\EmbedBinaryTextConverter.java,net.gsantner.markor.format.binary.EmbedBinaryTextConverter,class,8,10,2,8,19,2,0,23,3,0.66666657,0.0,0.0,3,0,1,0,2,0,4,0,0,0,11,11,1,10,0,0,11,0,9,101,4,2,1,0,1,107,5,52,13,17,3,0,0,0,135,1,0
C:\markor-master\app\src\test\java\net\gsantner\markor\format\markdown\MarkdownHighlighterPatternOrderedListTest.java,net.gsantner.markor.format.markdown.MarkdownHighlighterPatternOrderedListTest,class,2,2,0,2,2,1,0,6,0,0.0,1.0,1.0,2,0,2,0,0,0,2,0,0,0,1,0,0,1,0,0,0,0,0,11,0,0,0,0,0,2,0,2,0,2,0,0,0,0,14,1,0
C:\markor-master\app\thirdparty-lib-src\QuadFlask-colorpicker\src\main\java\com\flask\colorpicker\ColorCircle.java,com.flask.colorpicker.ColorCircle,class,2,8,6,2,9,1,0,3,0,0.625,0.53571427,1.0,8,0,8,0,0,0,8,0,0,0,4,0,0,4,0,0,0,0,0,41,6,0,1,0,0,0,12,13,5,7,1,0,0,0,20,1,0
C:\markor-master\app\src\test\java\net\gsantner\markor\format\wikitext\WikitextSyntaxHighlighterTests.java,net.gsantner.markor.format.wikitext.WikitextSyntaxHighlighterTests$PatternStrikethroughTest,innerclass,2,2,0,2,8,1,0,6,0,0.0,1.0,1.0,8,0,8,0,0,0,8,0,0,0,1,0,0,1,0,0,0,0,0,43,0,0,0,0,0,15,0,8,0,8,0,0,0,0,26,9,0
